mc	mn	mc_onset	mn_onset	timesig	staff	voice	duration	gracenote	nominal_duration	scalar	tied	tpc	midi	volta	chord_id
1	1	0	0	3/4	4	1	1/4		1/4	1		-1	41		3
1	1	0	0	3/4	3	1	3/4		1/2	3/2		3	57		2
1	1	0	0	3/4	2	1	3/4		1/2	3/2	1	0	60		1
1	1	0	0	3/4	1	1	3/4		1/2	3/2	1	-1	65		0
1	1	1/4	1/4	3/4	4	1	1/4		1/4	1		3	45		4
1	1	1/2	1/2	3/4	4	1	1/4		1/4	1		-2	46		5
2	2	0	0	3/4	4	1	1/2		1/2	1		0	48		13
2	2	0	0	3/4	3	1	1/2		1/2	1		1	55		11
2	2	0	0	3/4	2	1	1/2		1/2	1	-1	0	60		9
2	2	0	0	3/4	1	1	1/4		1/4	1	-1	-1	65		6
2	2	1/4	1/4	3/4	1	1	1/4		1/4	1		4	64		7
2	2	1/2	1/2	3/4	4	1	1/8		1/8	1		-2	46		14
2	2	1/2	1/2	3/4	3	1	1/4		1/4	1		0	60		12
2	2	1/2	1/2	3/4	2	1	1/4		1/4	1		2	62		10
2	2	1/2	1/2	3/4	1	1	1/4		1/4	1		6	66		8
2	2	5/8	5/8	3/4	4	1	1/8		1/8	1		3	45		15
3	3	0	0	3/4	4	1	1/4		1/4	1		1	43		19
3	3	0	0	3/4	3	1	3/4		1/2	3/2		-2	58		18
3	3	0	0	3/4	2	1	3/4		1/2	3/2	1	2	62		17
3	3	0	0	3/4	1	1	3/4		1/2	3/2	1	1	67		16
3	3	1/4	1/4	3/4	4	1	1/4		1/4	1		-2	46		20
3	3	1/2	1/2	3/4	4	1	1/4		1/4	1		0	48		21
4	4	0	0	3/4	4	1	1/2		1/2	1		2	50		29
4	4	0	0	3/4	3	1	1/2		1/2	1		3	57		27
4	4	0	0	3/4	2	1	1/2		1/2	1	-1	2	62		25
4	4	0	0	3/4	1	1	1/4		1/4	1	-1	1	67		22
4	4	1/4	1/4	3/4	1	1	1/4		1/4	1		6	66		23
4	4	1/2	1/2	3/4	4	1	1/8		1/8	1		0	48		30
4	4	1/2	1/2	3/4	3	1	1/4		1/4	1		2	62		28
4	4	1/2	1/2	3/4	2	1	1/4		1/4	1		4	64		26
4	4	1/2	1/2	3/4	1	1	1/4		1/4	1		8	68		24
4	4	5/8	5/8	3/4	4	1	1/8		1/8	1		5	47		31
5	5	0	0	3/4	4	1	1/4		1/4	1		3	45		38
5	5	0	0	3/4	3	1	1/2		1/2	1		0	60		36
5	5	0	0	3/4	2	1	1/2		1/2	1		4	64		34
5	5	0	0	3/4	1	1	1/2		1/2	1		3	69		32
5	5	1/4	1/4	3/4	4	1	1/4		1/4	1		0	48		39
5	5	1/2	1/2	3/4	4	1	1/4		1/4	1		4	52		40
5	5	1/2	1/2	3/4	3	1	1/4		1/4	1	1	4	64		37
5	5	1/2	1/2	3/4	2	1	1/4		1/4	1		8	68		35
5	5	1/2	1/2	3/4	1	1	1/4		1/4	1		5	71		33
6	6	0	0	3/4	4	1	1/4		1/4	1		3	57		44
6	6	0	0	3/4	3	1	1/4		1/4	1	-1	4	64		43
6	6	0	0	3/4	2	1	1/4		1/4	1		3	69		42
6	6	0	0	3/4	1	1	1/4		1/4	1		0	72		41
7	7	0	0	3/4	1	1	0	grace16after	1/16	1		2	74		45
7	7	0	0	3/4	1	1	0	grace16after	1/16	1		0	72		46
7	7	0	0	3/4	2	1	0	grace16after	1/16	1		5	71		48
7	7	0	0	3/4	2	1	0	grace16after	1/16	1		3	69		49
7	7	0	0	3/4	4	1	3/4		1/2	3/2		1	55		52
7	7	0	0	3/4	3	1	3/4		1/2	3/2		-1	65		51
7	7	0	0	3/4	2	1	3/4		1/2	3/2		5	71		50
7	7	0	0	3/4	1	1	3/4		1/2	3/2		2	74		47
8	8	0	0	3/4	4	1	1/4		1/4	1		0	60		56
8	8	0	0	3/4	3	1	1/4		1/4	1		4	64		55
8	8	0	0	3/4	2	1	1/4		1/4	1		0	72		54
8	8	0	0	3/4	1	1	1/4		1/4	1		4	76		53
9	9	0	0	3/4	1	1	0	grace16after	1/16	1		2	62		57
9	9	0	0	3/4	1	1	0	grace16after	1/16	1		0	60		58
9	9	0	0	3/4	2	1	0	grace16after	1/16	1		5	59		60
9	9	0	0	3/4	2	1	0	grace16after	1/16	1		3	57		61
9	9	0	0	3/4	3	1	0	grace16after	1/16	1		-1	53		63
9	9	0	0	3/4	3	1	0	grace16after	1/16	1		4	52		64
9	9	0	0	3/4	4	1	3/4		1/2	3/2		1	43		66
9	9	0	0	3/4	3	1	3/4		1/2	3/2		-1	53		65
9	9	0	0	3/4	2	1	3/4		1/2	3/2		5	59		62
9	9	0	0	3/4	1	1	3/4		1/2	3/2		2	62		59
10	10	0	0	3/4	4	1	1/4		1/4	1		0	48		70
10	10	0	0	3/4	3	1	1/4		1/4	1		4	52		69
10	10	0	0	3/4	1	1	1/4		1/4	1		0	60		67
10	10	0	0	3/4	2	1	1/4		1/4	1		0	60		68
11	11	0	0	3/4	4	1	1/2		1/2	1		-4	56		77
11	11	0	0	3/4	2	1	1/2		1/2	1		0	60		73
11	11	0	0	3/4	3	1	1/2		1/2	1		-3	63		75
11	11	0	0	3/4	1	1	1/2		1/2	1		0	72		71
11	11	1/2	1/2	3/4	4	1	1/4		1/4	1		0	60		78
11	11	1/2	1/2	3/4	3	1	1/4		1/4	1		-3	63		76
11	11	1/2	1/2	3/4	2	1	1/4		1/4	1		-4	68		74
11	11	1/2	1/2	3/4	1	1	1/4		1/4	1		-3	75		72
12	12	0	0	3/4	4	1	1/2		1/2	1		-2	58		86
12	12	0	0	3/4	3	1	1/2		1/2	1		-3	63		84
12	12	0	0	3/4	2	1	1/2		1/2	1		1	67		82
12	12	0	0	3/4	1	1	1/4		1/4	1		-3	75		79
12	12	1/4	1/4	3/4	1	1	1/4		1/4	1		-5	73		80
12	12	1/2	1/2	3/4	4	1	1/4		1/4	1		-3	51		87
12	12	1/2	1/2	3/4	3	1	1/4		1/4	1		-2	58		85
12	12	1/2	1/2	3/4	2	1	1/4		1/4	1		1	67		83
12	12	1/2	1/2	3/4	1	1	1/4		1/4	1		-5	73		81
13	13	0	0	3/4	4	1	1/2		1/2	1		-4	56		97
13	13	0	0	3/4	3	1	1/4		1/4	1		-2	58		94
13	13	0	0	3/4	2	1	1/4		1/4	1		1	67		91
13	13	0	0	3/4	1	1	1/4		1/4	1		-5	73		88
13	13	1/4	1/4	3/4	3	1	1/4		1/4	1		-4	56		95
13	13	1/4	1/4	3/4	2	1	1/4		1/4	1		-4	68		92
13	13	1/4	1/4	3/4	1	1	1/4		1/4	1		0	72		89
13	13	1/2	1/2	3/4	4	1	1/4		1/4	1		-4	44		98
13	13	1/2	1/2	3/4	3	1	1/4		1/4	1		-4	56		96
13	13	1/2	1/2	3/4	2	1	1/4		1/4	1		-4	68		93
13	13	1/2	1/2	3/4	1	1	1/4		1/4	1		0	72		90
14	14	0	0	3/4	4	1	1/2		1/2	1		-1	53		105
14	14	0	0	3/4	2	1	1/2		1/2	1		0	60		101
14	14	0	0	3/4	3	1	1/2		1/2	1		0	60		103
14	14	0	0	3/4	1	1	1/2		1/2	1		-4	68		99
14	14	1/2	1/2	3/4	4	1	1/4		1/4	1		-4	56		106
14	14	1/2	1/2	3/4	3	1	1/4		1/4	1		0	60		104
14	14	1/2	1/2	3/4	2	1	1/4		1/4	1		-1	65		102
14	14	1/2	1/2	3/4	1	1	1/4		1/4	1		0	72		100
15	15	0	0	3/4	4	1	1/2		1/2	1		1	55		114
15	15	0	0	3/4	3	1	1/2		1/2	1		0	60		112
15	15	0	0	3/4	2	1	1/2		1/2	1		4	64		110
15	15	0	0	3/4	1	1	1/4		1/4	1		0	72		107
15	15	1/4	1/4	3/4	1	1	1/4		1/4	1		-2	70		108
15	15	1/2	1/2	3/4	4	1	1/4		1/4	1		0	48		115
15	15	1/2	1/2	3/4	3	1	1/4		1/4	1		0	60		113
15	15	1/2	1/2	3/4	2	1	1/4		1/4	1		4	64		111
15	15	1/2	1/2	3/4	1	1	1/4		1/4	1		-2	70		109
16	16	0	0	3/4	4	1	1/2		1/2	1		-1	53		124
16	16	0	0	3/4	3	1	1/2		1/2	1		0	60		122
16	16	0	0	3/4	2	1	1/4		1/4	1		4	64		119
16	16	0	0	3/4	1	1	1/4		1/4	1		-2	70		116
16	16	1/4	1/4	3/4	2	1	1/4		1/4	1		-1	65		120
16	16	1/4	1/4	3/4	1	1	1/4		1/4	1		-4	68		117
16	16	1/2	1/2	3/4	4	1	1/4		1/4	1		-1	41		125
16	16	1/2	1/2	3/4	3	1	1/4		1/4	1		0	60		123
16	16	1/2	1/2	3/4	2	1	1/4		1/4	1		-1	65		121
16	16	1/2	1/2	3/4	1	1	1/4		1/4	1		-4	68		118
17	17	0	0	3/4	3	1	1/4		1/4	1		-5	61		128
17	17	0	0	3/4	2	1	3/4		1/2	3/2	1	-5	73		127
17	17	0	0	3/4	1	1	3/4		1/2	3/2	1	-1	77		126
17	17	1/4	1/4	3/4	3	1	1/4		1/4	1		-1	65		129
17	17	1/2	1/2	3/4	3	1	1/4		1/4	1		-6	66		130
18	18	0	0	3/4	4	1	1/2		1/2	1		-4	56		138
18	18	0	0	3/4	3	1	1/4		1/4	1		-4	68		137
18	18	0	0	3/4	2	1	1/4		1/4	1	-1	-5	73		134
18	18	0	0	3/4	1	1	1/4		1/4	1	-1	-1	77		131
18	18	1/4	1/4	3/4	2	1	1/4		1/4	1		0	72		135
18	18	1/4	1/4	3/4	1	1	1/4		1/4	1		-3	75		132
18	18	1/2	1/2	3/4	4	1	1/8		1/8	1		-6	54		139
18	18	1/2	1/2	3/4	2	1	1/4		1/4	1		2	74		136
18	18	1/2	1/2	3/4	1	1	1/4		1/4	1		-1	77		133
18	18	5/8	5/8	3/4	4	1	1/8		1/8	1		-1	53		140
19	19	0	0	3/4	4	1	1/4		1/4	1		-3	51		146
19	19	0	0	3/4	3	1	1/4		1/4	1		-3	63		143
19	19	0	0	3/4	2	1	3/4		1/2	3/2	1	-3	75		142
19	19	0	0	3/4	1	1	3/4		1/2	3/2	1	-6	78		141
19	19	1/4	1/4	3/4	3	1	1/4		1/4	1		-6	66		144
19	19	1/2	1/2	3/4	3	1	1/4		1/4	1		-4	68		145
20	20	0	0	3/4	4	1	1/2		1/2	1		-2	58		154
20	20	0	0	3/4	3	1	1/4		1/4	1		-2	70		153
20	20	0	0	3/4	2	1	1/4		1/4	1	-1	-3	75		150
20	20	0	0	3/4	1	1	1/4		1/4	1	-1	-6	78		147
20	20	1/4	1/4	3/4	2	1	1/4		1/4	1		2	74		151
20	20	1/4	1/4	3/4	1	1	1/4		1/4	1		-1	77		148
20	20	1/2	1/2	3/4	4	1	1/8		1/8	1		-4	56		155
20	20	1/2	1/2	3/4	2	1	1/4		1/4	1		4	76		152
20	20	1/2	1/2	3/4	1	1	1/4		1/4	1		1	79		149
20	20	5/8	5/8	3/4	4	1	1/8		1/8	1		1	55		156
21	21	0	0	3/4	4	1	1/4		1/4	1		-1	53		162
21	21	0	0	3/4	3	1	1/4		1/4	1		-1	65		159
21	21	0	0	3/4	2	1	3/4		1/2	3/2	1	-1	77		158
21	21	0	0	3/4	1	1	3/4		1/2	3/2	1	-4	80		157
21	21	1/4	1/4	3/4	4	1	1/4		1/4	1		-4	56		163
21	21	1/4	1/4	3/4	3	1	1/4		1/4	1		-4	68		160
21	21	1/2	1/2	3/4	4	1	1/4		1/4	1		-2	58		164
21	21	1/2	1/2	3/4	3	1	1/4		1/4	1		-2	70		161
22	22	0	0	3/4	4	1	1/2		1/2	1		0	60		174
22	22	0	0	3/4	3	1	1/2		1/2	1		0	72		171
22	22	0	0	3/4	2	1	1/4		1/4	1	-1	-1	77		168
22	22	0	0	3/4	1	1	1/4		1/4	1	-1	-4	80		165
22	22	1/4	1/4	3/4	2	1	1/4		1/4	1		4	76		169
22	22	1/4	1/4	3/4	1	1	1/4		1/4	1		1	79		166
22	22	1/2	1/2	3/4	4	1	1/8		1/8	1		-2	58		175
22	22	1/2	1/2	3/4	3	1	1/8		1/8	1		-2	70		172
22	22	1/2	1/2	3/4	2	1	1/4		1/4	1		-1	77		170
22	22	1/2	1/2	3/4	1	1	1/4		1/4	1		-4	80		167
22	22	5/8	5/8	3/4	4	1	1/8		1/8	1		-4	56		176
22	22	5/8	5/8	3/4	3	1	1/8		1/8	1		-4	68		173
23	23	0	0	3/4	4	1	1/4		1/4	1		1	55		182
23	23	0	0	3/4	3	1	1/4		1/4	1		1	67		179
23	23	0	0	3/4	2	1	3/4		1/2	3/2	1	1	79		178
23	23	0	0	3/4	1	1	3/4		1/2	3/2	1	-2	82		177
23	23	1/4	1/4	3/4	4	1	1/4		1/4	1		-1	53		183
23	23	1/4	1/4	3/4	3	1	1/4		1/4	1		-1	65		180
23	23	1/2	1/2	3/4	4	1	1/4		1/4	1		4	52		184
23	23	1/2	1/2	3/4	3	1	1/4		1/4	1		4	64		181
24	24	0	0	3/4	4	1	1/4		1/4	1		-1	53		194
24	24	0	0	3/4	3	1	1/4		1/4	1		-1	65		191
24	24	0	0	3/4	2	1	1/4		1/4	1	-1	1	79		188
24	24	0	0	3/4	1	1	1/4		1/4	1	-1	-2	82		185
24	24	1/4	1/4	3/4	4	1	1/4		1/4	1		-5	49		195
24	24	1/4	1/4	3/4	3	1	1/4		1/4	1		-5	61		192
24	24	1/4	1/4	3/4	2	1	1/4		1/4	1		-1	77		189
24	24	1/4	1/4	3/4	1	1	1/4		1/4	1		-4	80		186
24	24	1/2	1/2	3/4	4	1	1/4		1/4	1		5	47		196
24	24	1/2	1/2	3/4	3	1	1/4		1/4	1		5	59		193
24	24	1/2	1/2	3/4	2	1	1/4		1/4	1		-1	77		190
24	24	1/2	1/2	3/4	1	1	1/4		1/4	1		-4	80		187
25	25	0	0	3/4	4	1	1/4		1/4	1		0	48		203
25	25	0	0	3/4	3	1	1/4		1/4	1		0	60		201
25	25	0	0	3/4	2	1	1/4		1/4	1		4	76		200
25	25	0	0	3/4	1	1	1/4		1/4	1		1	79		197
25	25	1/4	1/4	3/4	4	1	1/4		1/4	1		0	60		204
25	25	1/4	1/4	3/4	3	1	1/4		1/4	1		0	72		202
25	25	1/2	1/2	3/4	1	1	0	acciaccatura	1/8	1		5	83		198
25	25	1/2	1/2	3/4	1	1	1/4		1/4	1		0	84		199
26	26	0	0	3/4	4	1	1/4		1/4	1		0	48		211
26	26	0	0	3/4	3	1	1/4		1/4	1		0	60		209
26	26	0	0	3/4	2	1	1/4		1/4	1		-1	77		208
26	26	0	0	3/4	1	1	1/4		1/4	1		-4	80		205
26	26	1/4	1/4	3/4	4	1	1/4		1/4	1		0	60		212
26	26	1/4	1/4	3/4	3	1	1/4		1/4	1		0	72		210
26	26	1/2	1/2	3/4	1	1	0	acciaccatura	1/8	1		5	83		206
26	26	1/2	1/2	3/4	1	1	1/4		1/4	1		0	84		207
27	27	0	0	3/4	4	1	1/4		1/4	1		0	48		219
27	27	0	0	3/4	3	1	1/4		1/4	1		0	60		217
27	27	0	0	3/4	2	1	1/4		1/4	1		4	76		216
27	27	0	0	3/4	1	1	1/4		1/4	1		1	79		213
27	27	1/4	1/4	3/4	4	1	1/4		1/4	1		0	60		220
27	27	1/4	1/4	3/4	3	1	1/4		1/4	1		0	72		218
27	27	1/2	1/2	3/4	1	1	0	acciaccatura	1/8	1		5	83		214
27	27	1/2	1/2	3/4	1	1	1/4		1/4	1		0	84		215
28	28	0	0	3/4	4	1	1/4		1/4	1		0	48		227
28	28	0	0	3/4	3	1	1/4		1/4	1		0	60		225
28	28	0	0	3/4	2	1	1/4		1/4	1		-1	65		224
28	28	0	0	3/4	1	1	1/4		1/4	1		-4	80		221
28	28	1/4	1/4	3/4	4	1	1/4		1/4	1		0	60		228
28	28	1/4	1/4	3/4	3	1	1/4		1/4	1		0	72		226
28	28	1/2	1/2	3/4	1	1	0	acciaccatura	1/8	1		5	83		222
28	28	1/2	1/2	3/4	1	1	1/4		1/4	1		0	84		223
29	29	0	0	3/4	4	1	1/4		1/4	1		0	48		234
29	29	0	0	3/4	2	1	1/4		1/4	1		0	60		230
29	29	0	0	3/4	3	1	1/4		1/4	1		4	64		233
29	29	0	0	3/4	1	1	1/4		1/4	1		1	79		229
29	29	1/4	1/4	3/4	2	1	1/4		1/4	1		4	64		231
29	29	1/2	1/2	3/4	2	1	1/4		1/4	1		-1	65		232
30	30	0	0	3/4	3	1	1/4		1/4	1		4	52		239
30	30	0	0	3/4	4	1	1/4		1/4	1		1	55		242
30	30	0	0	3/4	1	1	1/4		1/4	1		0	60		235
30	30	0	0	3/4	2	1	1/4		1/4	1		1	67		238
30	30	1/4	1/4	3/4	4	1	1/4		1/4	1		4	52		243
30	30	1/4	1/4	3/4	3	1	1/4		1/4	1		0	60		240
30	30	1/4	1/4	3/4	1	1	1/4		1/4	1		4	64		236
30	30	1/2	1/2	3/4	4	1	1/4		1/4	1		2	50		244
30	30	1/2	1/2	3/4	3	1	1/4		1/4	1		2	62		241
30	30	1/2	1/2	3/4	1	1	1/4		1/4	1		-1	65		237
31	31	0	0	3/4	4	1	1/4		1/4	1		0	48		250
31	31	0	0	3/4	3	1	1/4		1/4	1		4	64		249
31	31	0	0	3/4	1	1	1/4		1/4	1		1	67		245
31	31	0	0	3/4	2	1	1/4		1/4	1		0	72		246
31	31	1/4	1/4	3/4	2	1	1/4		1/4	1		4	76		247
31	31	1/2	1/2	3/4	2	1	1/4		1/4	1		-1	77		248
32	32	0	0	3/4	4	1	1/4		1/4	1		1	43		258
32	32	0	0	3/4	3	1	1/4		1/4	1		-2	58		255
32	32	0	0	3/4	1	1	1/4		1/4	1		0	72		251
32	32	0	0	3/4	2	1	1/4		1/4	1		1	79		254
32	32	1/4	1/4	3/4	4	1	1/4		1/4	1		4	40		259
32	32	1/4	1/4	3/4	3	1	1/4		1/4	1		1	55		256
32	32	1/4	1/4	3/4	1	1	1/4		1/4	1		4	76		252
32	32	1/2	1/2	3/4	4	1	1/4		1/4	1		2	38		260
32	32	1/2	1/2	3/4	3	1	1/4		1/4	1		-1	53		257
32	32	1/2	1/2	3/4	1	1	1/4		1/4	1		-1	77		253
33	33	0	0	3/4	4	1	1/4		1/4	1		0	36		266
33	33	0	0	3/4	3	1	1/4		1/4	1		4	52		265
33	33	0	0	3/4	2	1	1/4		1/4	1		4	64		262
33	33	0	0	3/4	1	1	1/4		1/4	1		1	79		261
33	33	1/4	1/4	3/4	2	1	1/4		1/4	1		1	67		263
33	33	1/2	1/2	3/4	2	1	1/4		1/4	1		3	69		264
34	34	0	0	3/4	4	1	1/4		1/4	1		1	55		274
34	34	0	0	3/4	1	1	1/4		1/4	1		4	64		267
34	34	0	0	3/4	2	1	1/4		1/4	1		-2	70		270
34	34	0	0	3/4	3	1	1/4		1/4	1		-2	70		271
34	34	1/4	1/4	3/4	4	1	1/4		1/4	1		4	52		275
34	34	1/4	1/4	3/4	1	1	1/4		1/4	1		1	67		268
34	34	1/4	1/4	3/4	3	1	1/4		1/4	1		1	67		272
34	34	1/2	1/2	3/4	4	1	1/4		1/4	1		2	50		276
34	34	1/2	1/2	3/4	3	1	1/4		1/4	1		-1	65		273
34	34	1/2	1/2	3/4	1	1	1/4		1/4	1		3	69		269
35	35	0	0	3/4	4	1	1/4		1/4	1		0	48		282
35	35	0	0	3/4	3	1	1/4		1/4	1		4	64		281
35	35	0	0	3/4	1	1	1/4		1/4	1		-2	70		277
35	35	0	0	3/4	2	1	1/4		1/4	1		4	76		278
35	35	1/4	1/4	3/4	2	1	1/4		1/4	1		1	79		279
35	35	1/2	1/2	3/4	2	1	1/4		1/4	1		3	81		280
36	36	0	0	3/4	4	1	1/4		1/4	1		0	48		290
36	36	0	0	3/4	2	1	1/4		1/4	1		-2	82		285
36	36	1/4	1/4	3/4	4	1	1/4		1/4	1		-2	46		291
36	36	1/4	1/4	3/4	2	1	1/4		1/4	1		1	55		286
36	36	1/4	1/4	3/4	3	1	1/4		1/4	1		0	60		288
36	36	1/4	1/4	3/4	1	1	1/4		1/4	1		4	64		283
36	36	1/2	1/2	3/4	4	1	1/4		1/4	1		1	43		292
36	36	1/2	1/2	3/4	2	1	1/4		1/4	1		1	55		287
36	36	1/2	1/2	3/4	3	1	1/4		1/4	1		0	60		289
36	36	1/2	1/2	3/4	1	1	1/4		1/4	1		4	64		284
37	37	0	0	3/4	4	1	1/4		1/4	1		-1	41		298
37	37	0	0	3/4	2	1	1/2		1/2	1		3	57		294
37	37	0	0	3/4	3	1	1/2		1/2	1		0	60		296
37	37	0	0	3/4	1	1	3/4		1/2	3/2	1	-1	65		293
37	37	1/4	1/4	3/4	4	1	1/4		1/4	1		3	45		299
37	37	1/2	1/2	3/4	4	1	1/4		1/4	1		5	47		300
37	37	1/2	1/2	3/4	2	1	1/4		1/4	1		-4	56		295
37	37	1/2	1/2	3/4	3	1	1/4		1/4	1	1	2	62		297
38	38	0	0	3/4	4	1	1/2		1/2	1		0	48		309
38	38	0	0	3/4	2	1	1/2		1/2	1		1	55		304
38	38	0	0	3/4	3	1	1/4		1/4	1	-1	2	62		306
38	38	0	0	3/4	1	1	1/4		1/4	1	-1	-1	65		301
38	38	1/4	1/4	3/4	3	1	1/4		1/4	1		0	60		307
38	38	1/4	1/4	3/4	1	1	1/4		1/4	1		4	64		302
38	38	1/2	1/2	3/4	4	1	1/8		1/8	1		-2	46		310
38	38	1/2	1/2	3/4	2	1	1/4		1/4	1	1	0	60		305
38	38	1/2	1/2	3/4	3	1	1/4		1/4	1		2	62		308
38	38	1/2	1/2	3/4	1	1	1/4		1/4	1		6	66		303
38	38	5/8	5/8	3/4	4	1	1/8		1/8	1		3	45		311
39	39	0	0	3/4	4	1	1/4		1/4	1		1	43		318
39	39	0	0	3/4	2	1	1/4		1/4	1	-1	0	60		313
39	39	0	0	3/4	3	1	1/2		1/2	1		2	62		316
39	39	0	0	3/4	1	1	3/4		1/2	3/2	1	1	67		312
39	39	1/4	1/4	3/4	4	1	1/4		1/4	1		5	47		319
39	39	1/4	1/4	3/4	2	1	1/4		1/4	1		5	59		314
39	39	1/2	1/2	3/4	4	1	1/4		1/4	1		7	49		320
39	39	1/2	1/2	3/4	2	1	1/4		1/4	1		-2	58		315
39	39	1/2	1/2	3/4	3	1	1/4		1/4	1	1	4	64		317
40	40	0	0	3/4	4	1	1/2		1/2	1		2	50		329
40	40	0	0	3/4	2	1	1/2		1/2	1		3	57		324
40	40	0	0	3/4	3	1	1/4		1/4	1	-1	4	64		326
40	40	0	0	3/4	1	1	1/4		1/4	1	-1	1	67		321
40	40	1/4	1/4	3/4	3	1	1/4		1/4	1		2	62		327
40	40	1/4	1/4	3/4	1	1	1/4		1/4	1		6	66		322
40	40	1/2	1/2	3/4	4	1	1/8		1/8	1		0	48		330
40	40	1/2	1/2	3/4	2	1	1/4		1/4	1	1	2	62		325
40	40	1/2	1/2	3/4	3	1	1/4		1/4	1		4	64		328
40	40	1/2	1/2	3/4	1	1	1/4		1/4	1		8	68		323
40	40	5/8	5/8	3/4	4	1	1/8		1/8	1		5	47		331
41	41	0	0	3/4	4	1	1/4		1/4	1		3	45		339
41	41	0	0	3/4	2	1	1/4		1/4	1	-1	2	62		334
41	41	0	0	3/4	3	1	1/2		1/2	1		4	64		337
41	41	0	0	3/4	1	1	1/2		1/2	1		3	69		332
41	41	1/4	1/4	3/4	4	1	1/4		1/4	1		0	48		340
41	41	1/4	1/4	3/4	2	1	1/4		1/4	1		0	60		335
41	41	1/2	1/2	3/4	4	1	1/4		1/4	1		4	52		341
41	41	1/2	1/2	3/4	3	1	1/4		1/4	1	1	4	64		338
41	41	1/2	1/2	3/4	2	1	1/4		1/4	1		8	68		336
41	41	1/2	1/2	3/4	1	1	1/4		1/4	1		5	71		333
42	42	0	0	3/4	4	1	1/4		1/4	1		3	57		345
42	42	0	0	3/4	3	1	1/4		1/4	1	-1	4	64		344
42	42	0	0	3/4	2	1	1/4		1/4	1		3	69		343
42	42	0	0	3/4	1	1	1/4		1/4	1		0	72		342
43	43	0	0	3/4	4	1	1/4		1/4	1		2	50		352
43	43	0	0	3/4	3	1	1/2		1/2	1		-1	65		350
43	43	0	0	3/4	2	1	1/2		1/2	1		3	69		348
43	43	0	0	3/4	1	1	1/2		1/2	1		2	74		346
43	43	1/4	1/4	3/4	4	1	1/4		1/4	1		-1	53		353
43	43	1/2	1/2	3/4	4	1	1/4		1/4	1		3	57		354
43	43	1/2	1/2	3/4	3	1	1/4		1/4	1		3	69		351
43	43	1/2	1/2	3/4	2	1	1/4		1/4	1		7	73		349
43	43	1/2	1/2	3/4	1	1	1/4		1/4	1		4	76		347
44	44	0	0	3/4	4	1	1/4		1/4	1		2	62		358
44	44	0	0	3/4	3	1	1/4		1/4	1		3	69		357
44	44	0	0	3/4	2	1	1/4		1/4	1		2	74		356
44	44	0	0	3/4	1	1	1/4		1/4	1		-1	77		355
45	45	0	0	3/4	4	1	1/4		1/4	1		-1	53		365
45	45	0	0	3/4	3	1	1/2		1/2	1		3	69		363
45	45	0	0	3/4	2	1	1/2		1/2	1		0	72		361
45	45	0	0	3/4	1	1	1/2		1/2	1		-1	77		359
45	45	1/4	1/4	3/4	4	1	1/4		1/4	1		3	57		366
45	45	1/2	1/2	3/4	4	1	1/4		1/4	1		0	60		367
45	45	1/2	1/2	3/4	3	1	1/4		1/4	1		0	72		364
45	45	1/2	1/2	3/4	2	1	1/4		1/4	1		4	76		362
45	45	1/2	1/2	3/4	1	1	1/4		1/4	1		1	79		360
46	46	0	0	3/4	4	1	1/4		1/4	1		-1	65		371
46	46	0	0	3/4	3	1	1/4		1/4	1		0	72		370
46	46	0	0	3/4	2	1	1/4		1/4	1		-1	77		369
46	46	0	0	3/4	1	1	1/4		1/4	1		3	81		368
47	47	0	0	3/4	1	1	0	grace16after	1/16	1		1	79		372
47	47	0	0	3/4	1	1	0	grace16after	1/16	1		-1	77		373
47	47	0	0	3/4	2	1	0	grace16after	1/16	1		4	76		375
47	47	0	0	3/4	2	1	0	grace16after	1/16	1		2	74		376
47	47	0	0	3/4	4	1	3/4		1/2	3/2		0	60		379
47	47	0	0	3/4	3	1	3/4		1/2	3/2		-2	70		378
47	47	0	0	3/4	2	1	3/4		1/2	3/2		4	76		377
47	47	0	0	3/4	1	1	3/4		1/2	3/2		1	79		374
48	48	0	0	3/4	4	1	1/4		1/4	1		-1	65		383
48	48	0	0	3/4	3	1	1/4		1/4	1		3	69		382
48	48	0	0	3/4	2	1	1/4		1/4	1		-1	77		381
48	48	0	0	3/4	1	1	1/4		1/4	1		3	81		380
49	49	0	0	3/4	1	1	0	grace16after	1/16	1		1	67		384
49	49	0	0	3/4	1	1	0	grace16after	1/16	1		-1	65		385
49	49	0	0	3/4	2	1	0	grace16after	1/16	1		4	64		387
49	49	0	0	3/4	2	1	0	grace16after	1/16	1		2	62		388
49	49	0	0	3/4	3	1	0	grace16after	1/16	1		-2	58		390
49	49	0	0	3/4	3	1	0	grace16after	1/16	1		3	57		391
49	49	0	0	3/4	4	1	3/4		1/2	3/2		0	48		393
49	49	0	0	3/4	3	1	3/4		1/2	3/2		-2	58		392
49	49	0	0	3/4	2	1	3/4		1/2	3/2		4	64		389
49	49	0	0	3/4	1	1	3/4		1/2	3/2		1	67		386
50	50	0	0	3/4	4	1	1/4		1/4	1		-1	53		397
50	50	0	0	3/4	3	1	1/4		1/4	1		3	57		396
50	50	0	0	3/4	1	1	1/4		1/4	1		-1	65		394
50	50	0	0	3/4	2	1	1/4		1/4	1		-1	65		395
51	51	0	0	3/4	3	1	0	grace16after	1/16	1		1	55		400
51	51	0	0	3/4	3	1	0	grace16after	1/16	1		-1	53		401
51	51	0	0	3/4	4	1	0	grace16after	1/16	1		1	43		403
51	51	0	0	3/4	4	1	0	grace16after	1/16	1		-1	41		404
51	51	0	0	3/4	4	1	3/4		1/2	3/2		1	43		405
51	51	0	0	3/4	3	1	3/4		1/2	3/2		1	55		402
51	51	1/4	1/4	3/4	2	1	1/2		1/2	1		-2	58		399
51	51	1/4	1/4	3/4	1	1	1/2		1/2	1		4	64		398
52	52	0	0	3/4	4	1	1/4		1/4	1		-1	41		411
52	52	0	0	3/4	3	1	1/4		1/4	1		-1	53		410
52	52	0	0	3/4	2	1	1/4		1/4	1		3	57		409
52	52	0	0	3/4	1	1	1/4		1/4	1		-1	65		406
52	52	1/4	1/4	3/4	1	1	1/4		1/4	1		0	72		407
52	52	1/2	1/2	3/4	1	1	1/4		1/4	1		0	72		408
53	53	0	0	3/4	3	1	0	grace16after	1/16	1		1	55		414
53	53	0	0	3/4	3	1	0	grace16after	1/16	1		-1	53		415
53	53	0	0	3/4	4	1	0	grace16after	1/16	1		1	43		417
53	53	0	0	3/4	4	1	0	grace16after	1/16	1		-1	41		418
53	53	0	0	3/4	4	1	3/4		1/2	3/2		1	43		419
53	53	0	0	3/4	3	1	3/4		1/2	3/2		1	55		416
53	53	1/4	1/4	3/4	2	1	1/2		1/2	1		-2	58		413
53	53	1/4	1/4	3/4	1	1	1/2		1/2	1		4	64		412
54	54	0	0	3/4	4	1	1/4		1/4	1		-1	41		425
54	54	0	0	3/4	3	1	1/4		1/4	1		-1	53		424
54	54	0	0	3/4	2	1	1/4		1/4	1		3	57		423
54	54	0	0	3/4	1	1	1/4		1/4	1		-1	65		420
54	54	1/4	1/4	3/4	1	1	1/4		1/4	1		-1	77		421
54	54	1/2	1/2	3/4	1	1	1/4		1/4	1		-1	77		422
55	55	0	0	3/4	3	1	0	grace16after	1/16	1		1	55		428
55	55	0	0	3/4	3	1	0	grace16after	1/16	1		-1	53		429
55	55	0	0	3/4	4	1	0	grace16after	1/16	1		1	43		431
55	55	0	0	3/4	4	1	0	grace16after	1/16	1		-1	41		432
55	55	0	0	3/4	4	1	3/4		1/2	3/2		1	43		433
55	55	0	0	3/4	3	1	3/4		1/2	3/2		1	55		430
55	55	1/4	1/4	3/4	2	1	1/2		1/2	1		-2	58		427
55	55	1/4	1/4	3/4	1	1	1/2		1/2	1		4	64		426
56	56	0	0	3/4	4	1	1/4		1/4	1		-1	41		441
56	56	0	0	3/4	3	1	1/4		1/4	1		-1	53		440
56	56	0	0	3/4	2	1	1/4		1/4	1		3	57		437
56	56	0	0	3/4	1	1	1/4		1/4	1		-1	65		434
56	56	1/4	1/4	3/4	2	1	1/4		1/4	1		0	72		438
56	56	1/4	1/4	3/4	1	1	1/4		1/4	1		0	84		435
56	56	1/2	1/2	3/4	2	1	1/4		1/4	1		0	72		439
56	56	1/2	1/2	3/4	1	1	1/4		1/4	1		0	84		436
57	57	0	0	3/4	1	1	0	grace16after	1/16	1		-3	75		442
57	57	0	0	3/4	1	1	0	grace16after	1/16	1		2	74		443
57	57	0	0	3/4	2	1	0	grace16after	1/16	1		-3	63		445
57	57	0	0	3/4	2	1	0	grace16after	1/16	1		2	62		446
57	57	0	0	3/4	4	1	1/4		1/4	1		3	45		451
57	57	0	0	3/4	3	1	1/4		1/4	1		0	48		448
57	57	0	0	3/4	2	1	3/4		1/2	3/2		-3	63		447
57	57	0	0	3/4	1	1	3/4		1/2	3/2		-3	75		444
57	57	1/4	1/4	3/4	4	1	1/4		1/4	1		3	57		452
57	57	1/4	1/4	3/4	3	1	1/4		1/4	1		6	66		449
57	57	1/2	1/2	3/4	4	1	1/4		1/4	1		3	57		453
57	57	1/2	1/2	3/4	3	1	1/4		1/4	1		6	66		450
58	58	0	0	3/4	4	1	1/4		1/4	1		-2	58		459
58	58	0	0	3/4	2	1	1/4		1/4	1		2	62		455
58	58	0	0	3/4	3	1	1/4		1/4	1		1	67		456
58	58	0	0	3/4	1	1	1/4		1/4	1		2	74		454
58	58	1/4	1/4	3/4	4	1	1/4		1/4	1		-2	46		460
58	58	1/4	1/4	3/4	3	1	1/4		1/4	1		2	62		457
58	58	1/2	1/2	3/4	4	1	1/4		1/4	1		-2	46		461
58	58	1/2	1/2	3/4	3	1	1/4		1/4	1		2	62		458
59	59	0	0	3/4	2	1	1/4		1/4	1		4	64		463
59	59	0	0	3/4	1	1	1/4		1/4	1		4	76		462
59	59	1/4	1/4	3/4	4	1	1/4		1/4	1		0	48		466
59	59	1/4	1/4	3/4	3	1	1/4		1/4	1		-2	58		464
59	59	1/2	1/2	3/4	4	1	1/4		1/4	1		0	48		467
59	59	1/2	1/2	3/4	3	1	1/4		1/4	1		-2	58		465
60	60	0	0	3/4	4	1	1/4		1/4	1		-1	53		475
60	60	0	0	3/4	3	1	1/4		1/4	1		3	57		474
60	60	0	0	3/4	2	1	1/4		1/4	1		-1	65		471
60	60	0	0	3/4	1	1	1/4		1/4	1		-1	77		468
60	60	1/4	1/4	3/4	2	1	1/4		1/4	1		0	72		472
60	60	1/4	1/4	3/4	1	1	1/4		1/4	1		0	84		469
60	60	1/2	1/2	3/4	2	1	1/4		1/4	1		0	72		473
60	60	1/2	1/2	3/4	1	1	1/4		1/4	1		0	84		470
61	61	0	0	3/4	1	1	0	grace16after	1/16	1		-3	75		476
61	61	0	0	3/4	1	1	0	grace16after	1/16	1		2	74		477
61	61	0	0	3/4	2	1	0	grace16after	1/16	1		-3	63		479
61	61	0	0	3/4	2	1	0	grace16after	1/16	1		2	62		480
61	61	0	0	3/4	4	1	1/4		1/4	1		3	45		485
61	61	0	0	3/4	3	1	1/4		1/4	1		0	48		482
61	61	0	0	3/4	2	1	3/4		1/2	3/2		-3	63		481
61	61	0	0	3/4	1	1	3/4		1/2	3/2		-3	75		478
61	61	1/4	1/4	3/4	4	1	1/4		1/4	1		3	57		486
61	61	1/4	1/4	3/4	3	1	1/4		1/4	1		6	66		483
61	61	1/2	1/2	3/4	4	1	1/4		1/4	1		3	57		487
61	61	1/2	1/2	3/4	3	1	1/4		1/4	1		6	66		484
62	62	0	0	3/4	4	1	1/4		1/4	1		-2	58		493
62	62	0	0	3/4	2	1	1/4		1/4	1		2	62		489
62	62	0	0	3/4	3	1	1/4		1/4	1		1	67		490
62	62	0	0	3/4	1	1	1/4		1/4	1		2	74		488
62	62	1/4	1/4	3/4	4	1	1/4		1/4	1		-2	46		494
62	62	1/4	1/4	3/4	3	1	1/4		1/4	1		2	62		491
62	62	1/2	1/2	3/4	4	1	1/4		1/4	1		-2	46		495
62	62	1/2	1/2	3/4	3	1	1/4		1/4	1		2	62		492
63	63	0	0	3/4	2	1	1/4		1/4	1		4	64		497
63	63	0	0	3/4	1	1	1/4		1/4	1		4	76		496
63	63	1/4	1/4	3/4	4	1	1/4		1/4	1		0	48		500
63	63	1/4	1/4	3/4	3	1	1/4		1/4	1		-2	58		498
63	63	1/2	1/2	3/4	4	1	1/4		1/4	1		0	48		501
63	63	1/2	1/2	3/4	3	1	1/4		1/4	1		-2	58		499
64	64	0	0	3/4	4	1	1/4		1/4	1		-1	53		508
64	64	0	0	3/4	3	1	1/4		1/4	1		3	57		505
64	64	0	0	3/4	2	1	1/2		1/2	1		3	69		503
64	64	0	0	3/4	1	1	3/4		1/2	3/2	1	-1	77		502
64	64	1/4	1/4	3/4	4	1	1/4		1/4	1		3	57		509
64	64	1/4	1/4	3/4	3	1	1/4		1/4	1		0	60		506
64	64	1/2	1/2	3/4	4	1	1/4		1/4	1		5	59		510
64	64	1/2	1/2	3/4	3	1	1/4		1/4	1		2	62		507
64	64	1/2	1/2	3/4	2	1	1/4		1/4	1		-4	68		504
65	65	0	0	3/4	4	1	1/2		1/2	1		0	60		519
65	65	0	0	3/4	3	1	1/2		1/2	1		4	64		516
65	65	0	0	3/4	2	1	1/2		1/2	1		1	67		514
65	65	0	0	3/4	1	1	1/4		1/4	1	-1	-1	77		511
65	65	1/4	1/4	3/4	1	1	1/4		1/4	1		4	76		512
65	65	1/2	1/2	3/4	4	1	1/8		1/8	1		-2	58		520
65	65	1/2	1/2	3/4	3	1	1/8		1/8	1		2	62		517
65	65	1/2	1/2	3/4	2	1	1/4		1/4	1		0	72		515
65	65	1/2	1/2	3/4	1	1	1/4		1/4	1		6	78		513
65	65	5/8	5/8	3/4	4	1	1/8		1/8	1		3	57		521
65	65	5/8	5/8	3/4	3	1	1/8		1/8	1		0	60		518
66	66	0	0	3/4	4	1	1/4		1/4	1		1	55		529
66	66	0	0	3/4	3	1	1/4		1/4	1		2	62		526
66	66	0	0	3/4	2	1	1/4		1/4	1		-2	70		523
66	66	0	0	3/4	1	1	3/4		1/2	3/2	1	1	79		522
66	66	1/4	1/4	3/4	4	1	1/4		1/4	1		-2	58		530
66	66	1/4	1/4	3/4	3	1	1/4		1/4	1		-2	70		527
66	66	1/4	1/4	3/4	2	1	1/4		1/4	1		2	74		524
66	66	1/2	1/2	3/4	4	1	1/4		1/4	1		7	61		531
66	66	1/2	1/2	3/4	3	1	1/4		1/4	1		3	69		528
66	66	1/2	1/2	3/4	2	1	1/4		1/4	1	1	4	76		525
67	67	0	0	3/4	4	1	1/2		1/2	1		2	62		540
67	67	0	0	3/4	3	1	1/2		1/2	1		3	69		538
67	67	0	0	3/4	2	1	1/4		1/4	1	-1	4	76		535
67	67	0	0	3/4	1	1	1/4		1/4	1	-1	1	79		532
67	67	1/4	1/4	3/4	2	1	1/4		1/4	1		2	74		536
67	67	1/4	1/4	3/4	1	1	1/4		1/4	1		6	78		533
67	67	1/2	1/2	3/4	4	1	1/8		1/8	1		0	60		541
67	67	1/2	1/2	3/4	3	1	1/4		1/4	1		4	64		539
67	67	1/2	1/2	3/4	2	1	1/4		1/4	1		2	74		537
67	67	1/2	1/2	3/4	1	1	1/4		1/4	1		8	80		534
67	67	5/8	5/8	3/4	4	1	1/8		1/8	1		5	59		542
68	68	0	0	3/4	4	1	1/4		1/4	1		3	57		550
68	68	0	0	3/4	3	1	1/4		1/4	1		4	64		547
68	68	0	0	3/4	2	1	1/4		1/4	1		0	72		544
68	68	0	0	3/4	1	1	3/4		1/2	3/2	1	3	81		543
68	68	1/4	1/4	3/4	4	1	1/4		1/4	1		1	67		551
68	68	1/4	1/4	3/4	3	1	1/4		1/4	1		3	69		548
68	68	1/4	1/4	3/4	2	1	1/4		1/4	1		7	73		545
68	68	1/2	1/2	3/4	4	1	1/4		1/4	1		-1	65		552
68	68	1/2	1/2	3/4	3	1	1/4		1/4	1		5	71		549
68	68	1/2	1/2	3/4	2	1	1/4		1/4	1		2	74		546
69	69	0	0	3/4	4	1	1/4		1/4	1		4	64		560
69	69	0	0	3/4	3	1	1/4		1/4	1		7	73		557
69	69	0	0	3/4	2	1	1/4		1/4	1		4	76		554
69	69	0	0	3/4	1	1	3/4		1/2	3/2	0	3	81		553
69	69	1/4	1/4	3/4	4	1	1/4		1/4	1		2	62		561
69	69	1/4	1/4	3/4	3	1	1/4		1/4	1		2	74		558
69	69	1/4	1/4	3/4	2	1	1/4		1/4	1		-1	77		555
69	69	1/2	1/2	3/4	4	1	1/4		1/4	1		7	61		562
69	69	1/2	1/2	3/4	3	1	1/4		1/4	1		4	76		559
69	69	1/2	1/2	3/4	2	1	1/4		1/4	1		1	79		556
70	70	0	0	3/4	4	1	1/4		1/4	1		2	62		572
70	70	0	0	3/4	3	1	1/4		1/4	1		2	74		569
70	70	0	0	3/4	2	1	1/4		1/4	1		-1	77		566
70	70	0	0	3/4	1	1	1/4		1/4	1	-1	3	81		563
70	70	1/4	1/4	3/4	4	1	1/4		1/4	1		0	60		573
70	70	1/4	1/4	3/4	3	1	1/4		1/4	1		-3	63		570
70	70	1/4	1/4	3/4	2	1	1/4		1/4	1		6	78		567
70	70	1/4	1/4	3/4	1	1	1/4		1/4	1		3	81		564
70	70	1/2	1/2	3/4	4	1	1/4		1/4	1		-2	58		574
70	70	1/2	1/2	3/4	3	1	1/4		1/4	1		2	62		571
70	70	1/2	1/2	3/4	2	1	1/4		1/4	1		1	79		568
70	70	1/2	1/2	3/4	1	1	1/4		1/4	1		-2	82		565
71	71	0	0	3/4	4	1	1/4		1/4	1		3	57		584
71	71	0	0	3/4	3	1	1/4		1/4	1		0	60		581
71	71	0	0	3/4	2	1	1/4		1/4	1		3	81		578
71	71	0	0	3/4	1	1	1/4		1/4	1		0	84		575
71	71	1/4	1/4	3/4	4	1	1/4		1/4	1		1	55		585
71	71	1/4	1/4	3/4	3	1	1/4		1/4	1		-2	58		582
71	71	1/4	1/4	3/4	2	1	1/4		1/4	1		-2	82		579
71	71	1/4	1/4	3/4	1	1	1/4		1/4	1		2	86		576
71	71	1/2	1/2	3/4	4	1	1/4		1/4	1		6	54		586
71	71	1/2	1/2	3/4	3	1	1/4		1/4	1		3	57		583
71	71	1/2	1/2	3/4	2	1	1/4		1/4	1		0	84		580
71	71	1/2	1/2	3/4	1	1	1/4		1/4	1		-3	87		577
72	72	0	0	3/4	4	1	1/4		1/4	1		1	55		596
72	72	0	0	3/4	3	1	1/4		1/4	1		-2	58		593
72	72	0	0	3/4	2	1	1/4		1/4	1		-2	82		590
72	72	0	0	3/4	1	1	1/4		1/4	1		2	86		587
72	72	1/4	1/4	3/4	4	1	1/4		1/4	1		-2	58		597
72	72	1/4	1/4	3/4	3	1	1/4		1/4	1		-2	70		594
72	72	1/4	1/4	3/4	2	1	1/4		1/4	1		1	79		591
72	72	1/4	1/4	3/4	1	1	1/4		1/4	1		-2	82		588
72	72	1/2	1/2	3/4	4	1	1/4		1/4	1		5	59		598
72	72	1/2	1/2	3/4	3	1	1/4		1/4	1		5	71		595
72	72	1/2	1/2	3/4	2	1	1/4		1/4	1		-1	77		592
72	72	1/2	1/2	3/4	1	1	1/4		1/4	1		3	81		589
73	73	0	0	3/4	4	1	1/4		1/4	1		0	60		608
73	73	0	0	3/4	3	1	1/4		1/4	1		0	72		605
73	73	0	0	3/4	2	1	1/4		1/4	1		4	76		602
73	73	0	0	3/4	1	1	1/4		1/4	1		1	79		599
73	73	1/4	1/4	3/4	4	1	1/4		1/4	1		4	40		609
73	73	1/4	1/4	3/4	3	1	1/4		1/4	1		4	52		606
73	73	1/4	1/4	3/4	2	1	1/4		1/4	1		-2	82		603
73	73	1/4	1/4	3/4	1	1	1/4		1/4	1		2	86		600
73	73	1/2	1/2	3/4	4	1	1/4		1/4	1		-1	41		610
73	73	1/2	1/2	3/4	3	1	1/4		1/4	1		-1	53		607
73	73	1/2	1/2	3/4	2	1	1/4		1/4	1		3	81		604
73	73	1/2	1/2	3/4	1	1	1/4		1/4	1		0	84		601
74	74	0	0	3/4	4	1	1/4		1/4	1		1	43		620
74	74	0	0	3/4	3	1	1/4		1/4	1		1	55		617
74	74	0	0	3/4	2	1	1/4		1/4	1		1	79		614
74	74	0	0	3/4	1	1	1/4		1/4	1		-2	82		611
74	74	1/4	1/4	3/4	4	1	1/4		1/4	1		3	45		621
74	74	1/4	1/4	3/4	3	1	1/4		1/4	1		3	57		618
74	74	1/4	1/4	3/4	2	1	1/4		1/4	1		-1	77		615
74	74	1/4	1/4	3/4	1	1	1/4		1/4	1		3	81		612
74	74	1/2	1/2	3/4	4	1	1/4		1/4	1		-2	46		622
74	74	1/2	1/2	3/4	3	1	1/4		1/4	1		-2	58		619
74	74	1/2	1/2	3/4	2	1	1/4		1/4	1		4	76		616
74	74	1/2	1/2	3/4	1	1	1/4		1/4	1		1	79		613
75	75	0	0	3/4	4	1	1/4		1/4	1		0	48		632
75	75	0	0	3/4	3	1	1/4		1/4	1		0	60		629
75	75	0	0	3/4	2	1	1/4		1/4	1		2	74		626
75	75	0	0	3/4	1	1	1/4		1/4	1		-1	77		623
75	75	1/4	1/4	3/4	4	1	1/4		1/4	1		2	50		633
75	75	1/4	1/4	3/4	3	1	1/4		1/4	1		2	62		630
75	75	1/4	1/4	3/4	2	1	1/4		1/4	1		0	72		627
75	75	1/4	1/4	3/4	1	1	1/4		1/4	1		4	76		624
75	75	1/2	1/2	3/4	4	1	1/4		1/4	1		4	52		634
75	75	1/2	1/2	3/4	3	1	1/4		1/4	1		4	64		631
75	75	1/2	1/2	3/4	2	1	1/4		1/4	1		-2	70		628
75	75	1/2	1/2	3/4	1	1	1/4		1/4	1		2	74		625
76	76	0	0	3/4	4	1	1/4		1/4	1		-1	53		644
76	76	0	0	3/4	3	1	1/4		1/4	1		-1	65		641
76	76	0	0	3/4	2	1	1/4		1/4	1		3	69		638
76	76	0	0	3/4	1	1	1/4		1/4	1		0	72		635
76	76	1/4	1/4	3/4	4	1	1/4		1/4	1		1	55		645
76	76	1/4	1/4	3/4	3	1	1/4		1/4	1		0	60		642
76	76	1/4	1/4	3/4	2	1	1/4		1/4	1		4	64		639
76	76	1/4	1/4	3/4	1	1	1/4		1/4	1		-2	70		636
76	76	1/2	1/2	3/4	4	1	1/4		1/4	1		3	57		646
76	76	1/2	1/2	3/4	3	1	1/4		1/4	1		0	60		643
76	76	1/2	1/2	3/4	2	1	1/4		1/4	1		-1	65		640
76	76	1/2	1/2	3/4	1	1	1/4		1/4	1		3	69		637
77	77	0	0	3/4	4	1	1/4		1/4	1		-2	46		656
77	77	0	0	3/4	3	1	1/4		1/4	1		-2	58		653
77	77	0	0	3/4	2	1	1/4		1/4	1		2	62		650
77	77	0	0	3/4	1	1	1/4		1/4	1		1	67		647
77	77	1/4	1/4	3/4	4	1	1/4		1/4	1		1	43		657
77	77	1/4	1/4	3/4	3	1	1/4		1/4	1		-2	58		654
77	77	1/4	1/4	3/4	2	1	1/4		1/4	1		1	67		651
77	77	1/4	1/4	3/4	1	1	1/4		1/4	1		-2	70		648
77	77	1/2	1/2	3/4	4	1	1/4		1/4	1		0	48		658
77	77	1/2	1/2	3/4	3	1	1/4		1/4	1		1	55		655
77	77	1/2	1/2	3/4	2	1	1/4		1/4	1		-2	58		652
77	77	1/2	1/2	3/4	1	1	1/4		1/4	1		4	64		649
78	78	0	0	3/4	4	1	1/4		1/4	1		-1	41		667
78	78	0	0	3/4	2	1	1/4		1/4	1		3	57		662
78	78	0	0	3/4	3	1	1/4		1/4	1		3	57		665
78	78	0	0	3/4	1	1	1/4		1/4	1		-1	65		659
78	78	1/4	1/4	3/4	2	1	1/4		1/4	1		3	57		663
78	78	1/4	1/4	3/4	1	1	1/4		1/4	1		3	69		660
78	78	1/2	1/2	3/4	4	1	1/4		1/4	1	1	-1	53		668
78	78	1/2	1/2	3/4	3	1	1/4		1/4	1	1	-4	56		666
78	78	1/2	1/2	3/4	2	1	1/4		1/4	1		5	59		664
78	78	1/2	1/2	3/4	1	1	1/4		1/4	1		5	71		661
79	79	0	0	3/4	4	1	1/4		1/4	1	-1	-1	53		674
79	79	0	0	3/4	3	1	1/4		1/4	1	-1	-4	56		671
79	79	0	0	3/4	2	1	3/4		1/2	3/2		0	60		670
79	79	0	0	3/4	1	1	3/4		1/2	3/2		0	72		669
79	79	1/4	1/4	3/4	4	1	1/4		1/4	1		4	52		675
79	79	1/4	1/4	3/4	3	1	1/4		1/4	1		1	55		672
79	79	1/2	1/2	3/4	4	1	1/4		1/4	1		0	48		676
79	79	1/2	1/2	3/4	3	1	1/4		1/4	1		4	52		673
80	80	0	0	3/4	4	1	1/4		1/4	1		-1	53		685
80	80	0	0	3/4	3	1	1/4		1/4	1		3	57		683
80	80	0	0	3/4	2	1	1/4		1/4	1		-1	65		680
80	80	0	0	3/4	1	1	1/4		1/4	1		-1	77		677
80	80	1/4	1/4	3/4	2	1	1/4		1/4	1		3	69		681
80	80	1/4	1/4	3/4	1	1	1/4		1/4	1		3	81		678
80	80	1/2	1/2	3/4	4	1	1/4		1/4	1	1	-1	41		686
80	80	1/2	1/2	3/4	3	1	1/4		1/4	1	1	-4	56		684
80	80	1/2	1/2	3/4	2	1	1/4		1/4	1		5	71		682
80	80	1/2	1/2	3/4	1	1	1/4		1/4	1		5	83		679
81	81	0	0	3/4	4	1	1/4		1/4	1	-1	-1	41		692
81	81	0	0	3/4	3	1	1/4		1/4	1	-1	-4	56		689
81	81	0	0	3/4	2	1	3/4		1/2	3/2	1	0	72		688
81	81	0	0	3/4	1	1	3/4		1/2	3/2	1	0	84		687
81	81	1/4	1/4	3/4	4	1	1/4		1/4	1		4	40		693
81	81	1/4	1/4	3/4	3	1	1/4		1/4	1		1	55		690
81	81	1/2	1/2	3/4	4	1	1/4		1/4	1		0	36		694
81	81	1/2	1/2	3/4	3	1	1/4		1/4	1		4	52		691
82	82	0	0	3/4	4	1	1/4		1/4	1		-1	41		702
82	82	0	0	3/4	3	1	1/4		1/4	1		3	57		699
82	82	0	0	3/4	2	1	1/4		1/4	1	-1	0	72		697
82	82	0	0	3/4	1	1	1/4		1/4	1	-1	0	84		695
82	82	1/4	1/4	3/4	4	1	1/4		1/4	1		4	40		703
82	82	1/4	1/4	3/4	3	1	1/4		1/4	1		1	55		700
82	82	1/4	1/4	3/4	2	1	1/2		1/2	1	1	0	72		698
82	82	1/4	1/4	3/4	1	1	1/2		1/2	1	1	0	84		696
82	82	1/2	1/2	3/4	4	1	1/4		1/4	1		0	36		704
82	82	1/2	1/2	3/4	3	1	1/4		1/4	1		4	52		701
83	83	0	0	3/4	4	1	1/4		1/4	1		-1	41		712
83	83	0	0	3/4	3	1	1/4		1/4	1		3	57		709
83	83	0	0	3/4	2	1	1/4		1/4	1	-1	0	72		707
83	83	0	0	3/4	1	1	1/4		1/4	1	-1	0	84		705
83	83	1/4	1/4	3/4	4	1	1/4		1/4	1		4	52		713
83	83	1/4	1/4	3/4	3	1	1/4		1/4	1		1	67		710
83	83	1/4	1/4	3/4	2	1	1/2		1/2	1	1	0	72		708
83	83	1/4	1/4	3/4	1	1	1/2		1/2	1	1	0	84		706
83	83	1/2	1/2	3/4	4	1	1/4		1/4	1		0	48		714
83	83	1/2	1/2	3/4	3	1	1/4		1/4	1		4	64		711
84	84	0	0	3/4	4	1	1/4		1/4	1		-1	53		724
84	84	0	0	3/4	3	1	1/4		1/4	1		3	69		721
84	84	0	0	3/4	2	1	1/4		1/4	1	-1	0	72		718
84	84	0	0	3/4	1	1	1/4		1/4	1	-1	0	84		715
84	84	1/4	1/4	3/4	4	1	1/4		1/4	1		-1	41		725
84	84	1/4	1/4	3/4	3	1	1/4		1/4	1		0	60		722
84	84	1/4	1/4	3/4	2	1	1/4		1/4	1		3	69		719
84	84	1/4	1/4	3/4	1	1	1/4		1/4	1		3	81		716
84	84	1/2	1/2	3/4	4	1	1/4		1/4	1		-1	41		726
84	84	1/2	1/2	3/4	3	1	1/4		1/4	1		0	60		723
84	84	1/2	1/2	3/4	2	1	1/4		1/4	1		3	69		720
84	84	1/2	1/2	3/4	1	1	1/4		1/4	1		3	81		717
85	85	0	0	3/4	4	1	1/4		1/4	1		-1	41		730
85	85	0	0	3/4	3	1	1/4		1/4	1		3	57		729
85	85	0	0	3/4	2	1	1/4		1/4	1		-1	65		728
85	85	0	0	3/4	1	1	1/4		1/4	1		-1	77		727
86	86	0	0	3/4	1	1	0	acciaccatura	1/8	1		5	71		731
86	86	0	0	3/4	2	1	0	acciaccatura	1/8	1		5	71		734
86	86	0	0	3/4	4	1	1/4		1/4	1		0	48		739
86	86	0	0	3/4	3	1	1/4		1/4	1		0	60		737
86	86	0	0	3/4	1	1	1/4		1/4	1		0	72		732
86	86	0	0	3/4	2	1	1/4		1/4	1		0	72		735
86	86	1/2	1/2	3/4	4	1	1/4		1/4	1		0	36		740
86	86	1/2	1/2	3/4	3	1	1/4		1/4	1		0	48		738
86	86	1/2	1/2	3/4	1	1	1/4		1/4	1		0	60		733
86	86	1/2	1/2	3/4	2	1	1/4		1/4	1		0	60		736
87	87	0	0	3/4	1	1	0	acciaccatura	1/8	1		5	71		741
87	87	0	0	3/4	2	1	0	acciaccatura	1/8	1		5	71		744
87	87	0	0	3/4	4	1	1/4		1/4	1		0	48		749
87	87	0	0	3/4	3	1	1/4		1/4	1		0	60		747
87	87	0	0	3/4	1	1	1/4		1/4	1		0	72		742
87	87	0	0	3/4	2	1	1/4		1/4	1		0	72		745
87	87	1/2	1/2	3/4	4	1	1/4		1/4	1		0	36		750
87	87	1/2	1/2	3/4	3	1	1/4		1/4	1		0	48		748
87	87	1/2	1/2	3/4	1	1	1/4		1/4	1		0	60		743
87	87	1/2	1/2	3/4	2	1	1/4		1/4	1		0	60		746
88	88	0	0	3/4	1	1	0	acciaccatura	1/8	1		5	71		751
88	88	0	0	3/4	2	1	0	acciaccatura	1/8	1		5	71		755
88	88	0	0	3/4	4	1	1/4		1/4	1		0	48		762
88	88	0	0	3/4	3	1	1/4		1/4	1		0	60		759
88	88	0	0	3/4	1	1	1/4		1/4	1		0	72		752
88	88	0	0	3/4	2	1	1/4		1/4	1		0	72		756
88	88	1/4	1/4	3/4	4	1	1/4		1/4	1		0	36		763
88	88	1/4	1/4	3/4	3	1	1/4		1/4	1		0	48		760
88	88	1/4	1/4	3/4	1	1	1/4		1/4	1		0	60		753
88	88	1/4	1/4	3/4	2	1	1/4		1/4	1		0	60		757
88	88	1/2	1/2	3/4	4	1	1/4		1/4	1		0	48		764
88	88	1/2	1/2	3/4	3	1	1/4		1/4	1		0	60		761
88	88	1/2	1/2	3/4	1	1	1/4		1/4	1		0	72		754
88	88	1/2	1/2	3/4	2	1	1/4		1/4	1		0	72		758
89	89	0	0	3/4	4	1	1/4		1/4	1		0	36		774
89	89	0	0	3/4	3	1	1/4		1/4	1		0	48		771
89	89	0	0	3/4	1	1	1/4		1/4	1		0	60		765
89	89	0	0	3/4	2	1	1/4		1/4	1		0	60		768
89	89	1/4	1/4	3/4	4	1	1/4		1/4	1		0	48		775
89	89	1/4	1/4	3/4	3	1	1/4		1/4	1		0	60		772
89	89	1/4	1/4	3/4	1	1	1/4		1/4	1		0	72		766
89	89	1/4	1/4	3/4	2	1	1/4		1/4	1		0	72		769
89	89	1/2	1/2	3/4	4	1	1/4		1/4	1		0	36		776
89	89	1/2	1/2	3/4	3	1	1/4		1/4	1		0	48		773
89	89	1/2	1/2	3/4	1	1	1/4		1/4	1		0	60		767
89	89	1/2	1/2	3/4	2	1	1/4		1/4	1		0	60		770
90	90	0	0	3/4	4	1	3/4		1/2	3/2		-5	37		785
90	90	0	0	3/4	3	1	3/4		1/2	3/2		-5	49		784
90	90	0	0	3/4	2	1	3/4		1/2	3/2		-4	56		783
90	90	0	0	3/4	1	1	1/8		1/8	1		-5	61		777
90	90	0	0	3/4	2	1	3/4		1/2	3/2		-1	65		783
90	90	1/8	1/8	3/4	1	1	1/8		1/8	1		-3	63		778
90	90	1/4	1/4	3/4	1	1	1/8		1/8	1		-5	61		779
90	90	3/8	3/8	3/4	1	1	1/8		1/8	1		0	60		780
90	90	1/2	1/2	3/4	1	1	1/8		1/8	1		-5	61		781
90	90	5/8	5/8	3/4	1	1	1/8		1/8	1		-3	63		782
91	91	0	0	3/4	4	1	3/4		1/2	3/2	1	-5	37		794
91	91	0	0	3/4	2	1	3/4		1/2	3/2	1	-4	56		792
91	91	0	0	3/4	3	1	3/4		1/2	3/2	1	-5	61		793
91	91	0	0	3/4	1	1	1/8		1/8	1		-1	65		786
91	91	0	0	3/4	2	1	3/4		1/2	3/2	1	-1	65		792
91	91	1/8	1/8	3/4	1	1	1/8		1/8	1		-6	66		787
91	91	1/4	1/4	3/4	1	1	1/8		1/8	1		-4	68		788
91	91	3/8	3/8	3/4	1	1	1/8		1/8	1		-2	70		789
91	91	1/2	1/2	3/4	1	1	1/8		1/8	1		0	72		790
91	91	5/8	5/8	3/4	1	1	1/8		1/8	1		-5	73		791
92	92	0	0	3/4	4	1	3/4		1/2	3/2	0	-5	37		803
92	92	0	0	3/4	2	1	3/4		1/2	3/2	0	-4	56		801
92	92	0	0	3/4	3	1	3/4		1/2	3/2	0	-5	61		802
92	92	0	0	3/4	2	1	3/4		1/2	3/2	0	-1	65		801
92	92	0	0	3/4	1	1	1/8		1/8	1		-3	75		795
92	92	1/8	1/8	3/4	1	1	1/8		1/8	1		-1	77		796
92	92	1/4	1/4	3/4	1	1	1/8		1/8	1		-6	78		797
92	92	3/8	3/8	3/4	1	1	1/8		1/8	1		-1	77		798
92	92	1/2	1/2	3/4	1	1	1/8		1/8	1		-3	75		799
92	92	5/8	5/8	3/4	1	1	1/8		1/8	1		-5	73		800
93	93	0	0	3/4	4	1	1/2		1/2	1	0	-5	37		814
93	93	0	0	3/4	2	1	1/2		1/2	1	-1	-4	56		810
93	93	0	0	3/4	3	1	1/2		1/2	1	-1	-5	61		812
93	93	0	0	3/4	2	1	1/2		1/2	1	-1	-1	65		810
93	93	0	0	3/4	1	1	1/8		1/8	1		0	72		804
93	93	1/8	1/8	3/4	1	1	1/8		1/8	1		-2	70		805
93	93	1/4	1/4	3/4	1	1	1/8		1/8	1		-4	68		806
93	93	3/8	3/8	3/4	1	1	1/8		1/8	1		-6	66		807
93	93	1/2	1/2	3/4	4	1	1/4		1/4	1	-1	-5	37		815
93	93	1/2	1/2	3/4	2	1	1/4		1/4	1		-4	56		811
93	93	1/2	1/2	3/4	3	1	1/4		1/4	1		0	60		813
93	93	1/2	1/2	3/4	1	1	1/8		1/8	1		-1	65		808
93	93	1/2	1/2	3/4	2	1	1/4		1/4	1		-6	66		811
93	93	5/8	5/8	3/4	1	1	1/8		1/8	1		-3	63		809
94	94	0	0	3/4	4	1	3/4		1/2	3/2		-5	37		824
94	94	0	0	3/4	2	1	3/4		1/2	3/2		-4	56		822
94	94	0	0	3/4	1	1	1/8		1/8	1		-5	61		816
94	94	0	0	3/4	3	1	3/4		1/2	3/2		-5	61		823
94	94	0	0	3/4	2	1	3/4		1/2	3/2		-1	65		822
94	94	1/8	1/8	3/4	1	1	1/8		1/8	1		-3	63		817
94	94	1/4	1/4	3/4	1	1	1/8		1/8	1		-5	61		818
94	94	3/8	3/8	3/4	1	1	1/8		1/8	1		0	60		819
94	94	1/2	1/2	3/4	1	1	1/8		1/8	1		-5	61		820
94	94	5/8	5/8	3/4	1	1	1/8		1/8	1		-1	65		821
95	95	0	0	3/4	4	1	3/4		1/2	3/2	1	-5	37		833
95	95	0	0	3/4	2	1	3/4		1/2	3/2	1	-4	56		831
95	95	0	0	3/4	3	1	3/4		1/2	3/2	1	-5	61		832
95	95	0	0	3/4	1	1	1/8		1/8	1		-1	65		825
95	95	0	0	3/4	2	1	3/4		1/2	3/2	1	-1	65		831
95	95	1/8	1/8	3/4	1	1	1/8		1/8	1		-6	66		826
95	95	1/4	1/4	3/4	1	1	1/8		1/8	1		-4	68		827
95	95	3/8	3/8	3/4	1	1	1/8		1/8	1		-2	70		828
95	95	1/2	1/2	3/4	1	1	1/8		1/8	1		0	72		829
95	95	5/8	5/8	3/4	1	1	1/8		1/8	1		-5	73		830
96	96	0	0	3/4	4	1	3/4		1/2	3/2	0	-5	37		842
96	96	0	0	3/4	2	1	3/4		1/2	3/2	0	-4	56		840
96	96	0	0	3/4	3	1	3/4		1/2	3/2	0	-5	61		841
96	96	0	0	3/4	2	1	3/4		1/2	3/2	0	-1	65		840
96	96	0	0	3/4	1	1	1/8		1/8	1		-3	75		834
96	96	1/8	1/8	3/4	1	1	1/8		1/8	1		-1	77		835
96	96	1/4	1/4	3/4	1	1	1/8		1/8	1		-6	78		836
96	96	3/8	3/8	3/4	1	1	1/8		1/8	1		-1	77		837
96	96	1/2	1/2	3/4	1	1	1/8		1/8	1		-3	75		838
96	96	5/8	5/8	3/4	1	1	1/8		1/8	1		-5	73		839
97	97	0	0	3/4	4	1	1/2		1/2	1	-1	-5	37		853
97	97	0	0	3/4	2	1	1/2		1/2	1	0	-4	56		849
97	97	0	0	3/4	3	1	1/2		1/2	1	-1	-5	61		851
97	97	0	0	3/4	2	1	1/2		1/2	1	-1	-1	65		849
97	97	0	0	3/4	1	1	1/8		1/8	1		0	72		843
97	97	1/8	1/8	3/4	1	1	1/8		1/8	1		-2	70		844
97	97	1/4	1/4	3/4	1	1	1/8		1/8	1		-4	68		845
97	97	3/8	3/8	3/4	1	1	1/8		1/8	1		-6	66		846
97	97	1/2	1/2	3/4	4	1	1/4		1/4	1		-5	37		854
97	97	1/2	1/2	3/4	2	1	1/4		1/4	1	-1	-4	56		850
97	97	1/2	1/2	3/4	3	1	1/4		1/4	1		0	60		852
97	97	1/2	1/2	3/4	1	1	1/8		1/8	1		-1	65		847
97	97	1/2	1/2	3/4	2	1	1/4		1/4	1		-6	66		850
97	97	5/8	5/8	3/4	1	1	1/8		1/8	1		-3	63		848
98	98	0	0	3/4	4	1	1/4		1/4	1		-5	37		867
98	98	0	0	3/4	2	1	1/4		1/4	1		-4	56		861
98	98	0	0	3/4	1	1	1/8		1/8	1		-5	61		855
98	98	0	0	3/4	3	1	1/4		1/4	1		-5	61		864
98	98	0	0	3/4	2	1	1/4		1/4	1		-1	65		861
98	98	1/8	1/8	3/4	1	1	1/8		1/8	1		-1	65		856
98	98	1/4	1/4	3/4	4	1	1/4		1/4	1		-5	49		868
98	98	1/4	1/4	3/4	2	1	1/4		1/4	1		-5	61		862
98	98	1/4	1/4	3/4	3	1	1/4		1/4	1		-5	61		865
98	98	1/4	1/4	3/4	1	1	1/8		1/8	1		4	64		857
98	98	3/8	3/8	3/4	1	1	1/8		1/8	1		-1	65		858
98	98	1/2	1/2	3/4	4	1	1/4		1/4	1		-5	49		869
98	98	1/2	1/2	3/4	2	1	1/4		1/4	1		-5	61		863
98	98	1/2	1/2	3/4	3	1	1/4		1/4	1		-5	61		866
98	98	1/2	1/2	3/4	1	1	1/8		1/8	1		4	64		859
98	98	5/8	5/8	3/4	1	1	1/8		1/8	1		-1	65		860
99	99	0	0	3/4	4	1	1/4		1/4	1		-5	49		882
99	99	0	0	3/4	1	1	1/8		1/8	1		-5	61		870
99	99	0	0	3/4	2	1	1/4		1/4	1		-5	61		876
99	99	0	0	3/4	3	1	1/4		1/4	1		-5	61		879
99	99	1/8	1/8	3/4	1	1	1/8		1/8	1		-1	65		871
99	99	1/4	1/4	3/4	4	1	1/4		1/4	1		0	48		883
99	99	1/4	1/4	3/4	1	1	1/8		1/8	1		0	60		872
99	99	1/4	1/4	3/4	2	1	1/4		1/4	1		0	60		877
99	99	1/4	1/4	3/4	3	1	1/4		1/4	1		0	60		880
99	99	3/8	3/8	3/4	1	1	1/8		1/8	1		-1	65		873
99	99	1/2	1/2	3/4	4	1	1/4		1/4	1		5	47		884
99	99	1/2	1/2	3/4	1	1	1/8		1/8	1		5	59		874
99	99	1/2	1/2	3/4	2	1	1/4		1/4	1		5	59		878
99	99	1/2	1/2	3/4	3	1	1/4		1/4	1		5	59		881
99	99	5/8	5/8	3/4	1	1	1/8		1/8	1		-1	65		875
100	100	0	0	3/4	4	1	1/4		1/4	1		0	48		895
100	100	0	0	3/4	1	1	1/8		1/8	1		0	60		885
100	100	0	0	3/4	2	1	1/4		1/4	1		0	60		891
100	100	0	0	3/4	3	1	1/4		1/4	1		0	60		893
100	100	1/8	1/8	3/4	1	1	1/8		1/8	1		-1	65		886
100	100	1/4	1/4	3/4	1	1	1/8		1/8	1		-4	68		887
100	100	3/8	3/8	3/4	1	1	1/8		1/8	1		0	72		888
100	100	1/2	1/2	3/4	4	1	1/4		1/4	1		0	36		896
100	100	1/2	1/2	3/4	3	1	1/4		1/4	1		0	48		894
100	100	1/2	1/2	3/4	1	1	1/8		1/8	1		0	60		889
100	100	1/2	1/2	3/4	2	1	1/4		1/4	1		0	60		892
100	100	5/8	5/8	3/4	1	1	1/8		1/8	1		0	72		890
101	101	0	0	3/4	4	1	1/4		1/4	1		-1	41		900
101	101	0	0	3/4	3	1	1/4		1/4	1		-1	53		899
101	101	0	0	3/4	1	1	1/4		1/4	1		-1	65		897
101	101	0	0	3/4	2	1	1/4		1/4	1		-1	65		898
102	102	0	0	3/4	3	1	1/4		1/4	1		-1	65		903
102	102	0	0	3/4	2	1	3/4		1/2	3/2	1	3	69		902
102	102	0	0	3/4	1	1	3/4		1/2	3/2	1	-3	75		901
102	102	1/2	1/2	3/4	3	1	1/4		1/4	1		-1	53		904
103	103	0	0	3/4	3	1	1/4		1/4	1		-1	65		907
103	103	0	0	3/4	2	1	3/4		1/2	3/2	0	3	69		906
103	103	0	0	3/4	1	1	3/4		1/2	3/2	0	-3	75		905
103	103	1/2	1/2	3/4	3	1	1/4		1/4	1		-1	53		908
104	104	0	0	3/4	3	1	1/4		1/4	1		-1	65		911
104	104	0	0	3/4	2	1	3/4		1/2	3/2	0	3	69		910
104	104	0	0	3/4	1	1	3/4		1/2	3/2	0	-3	75		909
104	104	1/4	1/4	3/4	3	1	1/4		1/4	1		-1	53		912
104	104	1/2	1/2	3/4	3	1	1/4		1/4	1		-1	65		913
105	105	0	0	3/4	3	1	1/4		1/4	1		-1	53		916
105	105	0	0	3/4	2	1	3/4		1/2	3/2	-1	3	69		915
105	105	0	0	3/4	1	1	3/4		1/2	3/2	-1	-3	75		914
105	105	1/4	1/4	3/4	3	1	1/4		1/4	1		-1	65		917
105	105	1/2	1/2	3/4	3	1	1/4		1/4	1		-1	53		918
106	106	0	0	3/4	4	1	1/4		1/4	1		-2	58		922
106	106	0	0	3/4	3	1	3/4		1/2	3/2	1	-1	65		921
106	106	0	0	3/4	2	1	3/4		1/2	3/2	1	-4	68		920
106	106	0	0	3/4	1	1	3/4		1/2	3/2	1	2	74		919
106	106	1/2	1/2	3/4	4	1	1/4		1/4	1		-2	46		923
107	107	0	0	3/4	4	1	1/4		1/4	1		-2	58		927
107	107	0	0	3/4	3	1	3/4		1/2	3/2	0	-1	65		926
107	107	0	0	3/4	2	1	3/4		1/2	3/2	0	-4	68		925
107	107	0	0	3/4	1	1	3/4		1/2	3/2	0	2	74		924
107	107	1/2	1/2	3/4	4	1	1/4		1/4	1		-2	46		928
108	108	0	0	3/4	4	1	1/4		1/4	1		-2	58		932
108	108	0	0	3/4	3	1	3/4		1/2	3/2	0	-1	65		931
108	108	0	0	3/4	2	1	3/4		1/2	3/2	0	-4	68		930
108	108	0	0	3/4	1	1	3/4		1/2	3/2	0	2	74		929
108	108	1/4	1/4	3/4	4	1	1/4		1/4	1		-2	46		933
108	108	1/2	1/2	3/4	4	1	1/4		1/4	1		-2	58		934
109	109	0	0	3/4	4	1	1/4		1/4	1		-2	46		938
109	109	0	0	3/4	3	1	3/4		1/2	3/2	-1	-1	65		937
109	109	0	0	3/4	2	1	3/4		1/2	3/2	-1	-4	68		936
109	109	0	0	3/4	1	1	3/4		1/2	3/2	-1	2	74		935
109	109	1/4	1/4	3/4	4	1	1/4		1/4	1		-2	58		939
109	109	1/2	1/2	3/4	4	1	1/4		1/4	1		-2	46		940
110	110	0	0	3/4	3	1	1/4		1/4	1		1	67		943
110	110	0	0	3/4	2	1	3/4		1/2	3/2	1	-2	70		942
110	110	0	0	3/4	1	1	3/4		1/2	3/2		-5	73		941
110	110	1/4	1/4	3/4	3	1	1/4		1/4	1		1	55		944
110	110	1/2	1/2	3/4	3	1	1/4		1/4	1		1	67		945
111	111	0	0	3/4	4	1	1/4		1/4	1		4	52		948
111	111	0	0	3/4	1	1	3/4		1/2	3/2	1	1	67		946
111	111	0	0	3/4	2	1	3/4		1/2	3/2	-1	-2	70		947
111	111	0	0	3/4	1	1	3/4		1/2	3/2	1	0	72		946
111	111	1/4	1/4	3/4	4	1	1/4		1/4	1		4	40		949
111	111	1/2	1/2	3/4	4	1	1/4		1/4	1		4	52		950
112	112	0	0	3/4	3	1	1/4		1/4	1		-1	65		953
112	112	0	0	3/4	1	1	3/4		1/2	3/2	-1	1	67		951
112	112	0	0	3/4	2	1	3/4		1/2	3/2	1	-4	68		952
112	112	0	0	3/4	1	1	3/4		1/2	3/2	-1	0	72		951
112	112	1/4	1/4	3/4	3	1	1/4		1/4	1		-1	53		954
112	112	1/2	1/2	3/4	3	1	1/4		1/4	1		-1	65		955
113	113	0	0	3/4	4	1	1/4		1/4	1		-1	53		958
113	113	0	0	3/4	1	1	3/4		1/2	3/2		-1	65		956
113	113	0	0	3/4	2	1	3/4		1/2	3/2	-1	-4	68		957
113	113	0	0	3/4	1	1	3/4		1/2	3/2		0	72		956
113	113	1/4	1/4	3/4	4	1	1/4		1/4	1		-1	41		959
113	113	1/2	1/2	3/4	4	1	1/4		1/4	1		-1	53		960
114	114	0	0	3/4	4	1	1/4		1/4	1		0	48		965
114	114	0	0	3/4	3	1	1/4		1/4	1		0	60		963
114	114	0	0	3/4	1	1	1/4		1/4	1		4	64		961
114	114	0	0	3/4	2	1	1/4		1/4	1		1	67		962
114	114	0	0	3/4	1	1	1/4		1/4	1		0	72		961
114	114	1/2	1/2	3/4	4	1	1/4		1/4	1		0	36		966
114	114	1/2	1/2	3/4	3	1	1/4		1/4	1		0	48		964
115	115	0	0	3/4	4	1	1/4		1/4	1		0	48		969
115	115	0	0	3/4	3	1	1/4		1/4	1		0	60		967
115	115	1/2	1/2	3/4	4	1	1/4		1/4	1		0	36		970
115	115	1/2	1/2	3/4	3	1	1/4		1/4	1		0	48		968
116	116	0	0	3/4	4	1	1/4		1/4	1		0	48		974
116	116	0	0	3/4	3	1	1/4		1/4	1		0	60		971
116	116	1/4	1/4	3/4	4	1	1/4		1/4	1		0	36		975
116	116	1/4	1/4	3/4	3	1	1/4		1/4	1		0	48		972
116	116	1/2	1/2	3/4	4	1	1/4		1/4	1		0	48		976
116	116	1/2	1/2	3/4	3	1	1/4		1/4	1		0	60		973
117	117	0	0	3/4	4	1	1/4		1/4	1		0	36		980
117	117	0	0	3/4	3	1	1/4		1/4	1		0	48		977
117	117	1/4	1/4	3/4	4	1	1/4		1/4	1		0	48		981
117	117	1/4	1/4	3/4	3	1	1/4		1/4	1		0	60		978
117	117	1/2	1/2	3/4	4	1	1/4		1/4	1		0	36		982
117	117	1/2	1/2	3/4	3	1	1/4		1/4	1		0	48		979
118	118	0	0	3/4	1	1	0	acciaccatura	1/8	1		-2	70		983
118	118	0	0	3/4	2	1	0	acciaccatura	1/8	1		5	71		986
118	118	0	0	3/4	4	1	1/4		1/4	1		0	48		991
118	118	0	0	3/4	3	1	1/4		1/4	1		0	60		989
118	118	0	0	3/4	1	1	1/4		1/4	1		0	72		984
118	118	0	0	3/4	2	1	1/4		1/4	1		0	72		987
118	118	1/2	1/2	3/4	4	1	1/4		1/4	1		0	36		992
118	118	1/2	1/2	3/4	3	1	1/4		1/4	1		0	48		990
118	118	1/2	1/2	3/4	1	1	1/4		1/4	1		0	60		985
118	118	1/2	1/2	3/4	2	1	1/4		1/4	1		0	60		988
119	119	0	0	3/4	1	1	0	acciaccatura	1/8	1		-2	70		993
119	119	0	0	3/4	2	1	0	acciaccatura	1/8	1		5	71		996
119	119	0	0	3/4	4	1	1/4		1/4	1		0	48		1001
119	119	0	0	3/4	3	1	1/4		1/4	1		0	60		999
119	119	0	0	3/4	1	1	1/4		1/4	1		0	72		994
119	119	0	0	3/4	2	1	1/4		1/4	1		0	72		997
119	119	1/2	1/2	3/4	4	1	1/4		1/4	1		0	36		1002
119	119	1/2	1/2	3/4	3	1	1/4		1/4	1		0	48		1000
119	119	1/2	1/2	3/4	1	1	1/4		1/4	1		0	60		995
119	119	1/2	1/2	3/4	2	1	1/4		1/4	1		0	60		998
120	120	0	0	3/4	1	1	0	acciaccatura	1/8	1		-2	70		1003
120	120	0	0	3/4	2	1	0	acciaccatura	1/8	1		5	71		1007
120	120	0	0	3/4	4	1	1/4		1/4	1		0	48		1014
120	120	0	0	3/4	3	1	1/4		1/4	1		0	60		1011
120	120	0	0	3/4	1	1	1/4		1/4	1		0	72		1004
120	120	0	0	3/4	2	1	1/4		1/4	1		0	72		1008
120	120	1/4	1/4	3/4	4	1	1/4		1/4	1		0	36		1015
120	120	1/4	1/4	3/4	3	1	1/4		1/4	1		0	48		1012
120	120	1/4	1/4	3/4	1	1	1/4		1/4	1		0	60		1005
120	120	1/4	1/4	3/4	2	1	1/4		1/4	1		0	60		1009
120	120	1/2	1/2	3/4	4	1	1/4		1/4	1		0	48		1016
120	120	1/2	1/2	3/4	3	1	1/4		1/4	1		0	60		1013
120	120	1/2	1/2	3/4	1	1	1/4		1/4	1		0	72		1006
120	120	1/2	1/2	3/4	2	1	1/4		1/4	1		0	72		1010
121	121	0	0	3/4	4	1	1/4		1/4	1		7	37		1026
121	121	0	0	3/4	3	1	1/4		1/4	1		7	49		1023
121	121	0	0	3/4	1	1	1/4		1/4	1		7	61		1017
121	121	0	0	3/4	2	1	1/4		1/4	1		7	61		1020
121	121	1/4	1/4	3/4	4	1	1/4		1/4	1		7	49		1027
121	121	1/4	1/4	3/4	3	1	1/4		1/4	1		7	61		1024
121	121	1/4	1/4	3/4	1	1	1/4		1/4	1		7	73		1018
121	121	1/4	1/4	3/4	2	1	1/4		1/4	1		7	73		1021
121	121	1/2	1/2	3/4	4	1	1/4		1/4	1		7	37		1028
121	121	1/2	1/2	3/4	3	1	1/4		1/4	1		7	49		1025
121	121	1/2	1/2	3/4	1	1	1/4		1/4	1		7	61		1019
121	121	1/2	1/2	3/4	2	1	1/4		1/4	1		7	61		1022
122	122	0	0	3/4	4	1	3/4		1/2	3/2		2	38		1037
122	122	0	0	3/4	3	1	3/4		1/2	3/2		2	50		1036
122	122	0	0	3/4	1	1	1/8		1/8	1		2	62		1029
122	122	0	0	3/4	2	1	3/4		1/2	3/2		2	62		1035
122	122	1/8	1/8	3/4	1	1	1/8		1/8	1		1	67		1030
122	122	1/4	1/4	3/4	1	1	1/8		1/8	1		-2	70		1031
122	122	3/8	3/8	3/4	1	1	1/8		1/8	1		1	67		1032
122	122	1/2	1/2	3/4	1	1	1/8		1/8	1		2	74		1033
122	122	5/8	5/8	3/4	1	1	1/8		1/8	1		-2	70		1034
123	123	0	0	3/4	4	1	3/4		1/2	3/2	1	2	38		1046
123	123	0	0	3/4	3	1	3/4		1/2	3/2	1	2	50		1045
123	123	0	0	3/4	3	1	3/4		1/2	3/2	1	1	55		1045
123	123	0	0	3/4	2	1	3/4		1/2	3/2	1	-2	58		1044
123	123	0	0	3/4	1	1	1/8		1/8	1		1	79		1038
123	123	1/8	1/8	3/4	1	1	1/8		1/8	1		2	74		1039
123	123	1/4	1/4	3/4	1	1	1/8		1/8	1		-2	82		1040
123	123	3/8	3/8	3/4	1	1	1/8		1/8	1		3	81		1041
123	123	1/2	1/2	3/4	1	1	1/8		1/8	1		1	79		1042
123	123	5/8	5/8	3/4	1	1	1/8		1/8	1		-1	77		1043
124	124	0	0	3/4	4	1	3/4		1/2	3/2	0	2	38		1055
124	124	0	0	3/4	3	1	3/4		1/2	3/2	0	2	50		1054
124	124	0	0	3/4	3	1	3/4		1/2	3/2	-1	1	55		1054
124	124	0	0	3/4	2	1	3/4		1/2	3/2	0	-2	58		1053
124	124	0	0	3/4	1	1	1/8		1/8	1		-3	75		1047
124	124	1/8	1/8	3/4	1	1	1/8		1/8	1		2	74		1048
124	124	1/4	1/4	3/4	1	1	1/8		1/8	1		0	72		1049
124	124	3/8	3/8	3/4	1	1	1/8		1/8	1		-2	70		1050
124	124	1/2	1/2	3/4	1	1	1/8		1/8	1		3	69		1051
124	124	5/8	5/8	3/4	1	1	1/8		1/8	1		1	67		1052
125	125	0	0	3/4	4	1	1/2		1/2	1	0	2	38		1066
125	125	0	0	3/4	3	1	1/2		1/2	1	0	2	50		1064
125	125	0	0	3/4	3	1	1/2		1/2	1		1	55		1064
125	125	0	0	3/4	2	1	1/2		1/2	1	-1	-2	58		1062
125	125	0	0	3/4	1	1	1/8		1/8	1		6	66		1056
125	125	1/8	1/8	3/4	1	1	1/8		1/8	1		1	67		1057
125	125	1/4	1/4	3/4	1	1	1/8		1/8	1		6	66		1058
125	125	3/8	3/8	3/4	1	1	1/8		1/8	1		1	67		1059
125	125	1/2	1/2	3/4	4	1	1/4		1/4	1	-1	2	38		1067
125	125	1/2	1/2	3/4	3	1	1/4		1/4	1	-1	2	50		1065
125	125	1/2	1/2	3/4	3	1	1/4		1/4	1		3	57		1065
125	125	1/2	1/2	3/4	2	1	1/4		1/4	1		0	60		1063
125	125	1/2	1/2	3/4	1	1	1/8		1/8	1		3	69		1060
125	125	5/8	5/8	3/4	1	1	1/8		1/8	1		6	66		1061
126	126	0	0	3/4	4	1	3/4		1/2	3/2		2	38		1076
126	126	0	0	3/4	3	1	3/4		1/2	3/2		2	50		1075
126	126	0	0	3/4	3	1	3/4		1/2	3/2		1	55		1075
126	126	0	0	3/4	2	1	3/4		1/2	3/2		-2	58		1074
126	126	0	0	3/4	1	1	1/8		1/8	1		2	62		1068
126	126	1/8	1/8	3/4	1	1	1/8		1/8	1		1	67		1069
126	126	1/4	1/4	3/4	1	1	1/8		1/8	1		-2	70		1070
126	126	3/8	3/8	3/4	1	1	1/8		1/8	1		1	67		1071
126	126	1/2	1/2	3/4	1	1	1/8		1/8	1		2	74		1072
126	126	5/8	5/8	3/4	1	1	1/8		1/8	1		-2	70		1073
127	127	0	0	3/4	4	1	3/4		1/2	3/2	1	2	38		1085
127	127	0	0	3/4	3	1	3/4		1/2	3/2	1	2	50		1084
127	127	0	0	3/4	3	1	3/4		1/2	3/2	1	1	55		1084
127	127	0	0	3/4	2	1	3/4		1/2	3/2	1	-2	58		1083
127	127	0	0	3/4	1	1	1/8		1/8	1		1	79		1077
127	127	1/8	1/8	3/4	1	1	1/8		1/8	1		2	74		1078
127	127	1/4	1/4	3/4	1	1	1/8		1/8	1		-2	82		1079
127	127	3/8	3/8	3/4	1	1	1/8		1/8	1		3	81		1080
127	127	1/2	1/2	3/4	1	1	1/8		1/8	1		1	79		1081
127	127	5/8	5/8	3/4	1	1	1/8		1/8	1		-1	77		1082
128	128	0	0	3/4	4	1	3/4		1/2	3/2	0	2	38		1094
128	128	0	0	3/4	3	1	3/4		1/2	3/2	0	2	50		1093
128	128	0	0	3/4	3	1	3/4		1/2	3/2	0	1	55		1093
128	128	0	0	3/4	2	1	3/4		1/2	3/2	0	-2	58		1092
128	128	0	0	3/4	1	1	1/8		1/8	1		-3	75		1086
128	128	1/8	1/8	3/4	1	1	1/8		1/8	1		2	74		1087
128	128	1/4	1/4	3/4	1	1	1/8		1/8	1		0	72		1088
128	128	3/8	3/8	3/4	1	1	1/8		1/8	1		-2	70		1089
128	128	1/2	1/2	3/4	1	1	1/8		1/8	1		3	69		1090
128	128	5/8	5/8	3/4	1	1	1/8		1/8	1		1	67		1091
129	129	0	0	3/4	4	1	1/2		1/2	1	0	2	38		1105
129	129	0	0	3/4	3	1	1/2		1/2	1	-1	2	50		1103
129	129	0	0	3/4	3	1	1/2		1/2	1	-1	1	55		1103
129	129	0	0	3/4	2	1	1/2		1/2	1	-1	-2	58		1101
129	129	0	0	3/4	1	1	1/8		1/8	1		6	66		1095
129	129	1/8	1/8	3/4	1	1	1/8		1/8	1		1	67		1096
129	129	1/4	1/4	3/4	1	1	1/8		1/8	1		6	66		1097
129	129	3/8	3/8	3/4	1	1	1/8		1/8	1		1	67		1098
129	129	1/2	1/2	3/4	4	1	1/4		1/4	1	-1	2	38		1106
129	129	1/2	1/2	3/4	3	1	1/4		1/4	1		2	50		1104
129	129	1/2	1/2	3/4	3	1	1/4		1/4	1		3	57		1104
129	129	1/2	1/2	3/4	2	1	1/4		1/4	1		0	60		1102
129	129	1/2	1/2	3/4	1	1	1/8		1/8	1		3	69		1099
129	129	5/8	5/8	3/4	1	1	1/8		1/8	1		6	66		1100
130	130	0	0	3/4	4	1	3/4		1/2	3/2		1	43		1115
130	130	0	0	3/4	3	1	3/4		1/2	3/2		2	50		1114
130	130	0	0	3/4	1	1	1/8		1/8	1		1	55		1107
130	130	0	0	3/4	2	1	3/4		1/2	3/2		5	59		1113
130	130	1/8	1/8	3/4	1	1	1/8		1/8	1		5	71		1108
130	130	1/4	1/4	3/4	1	1	1/8		1/8	1		2	74		1109
130	130	3/8	3/8	3/4	1	1	1/8		1/8	1		5	71		1110
130	130	1/2	1/2	3/4	1	1	1/8		1/8	1		-1	77		1111
130	130	5/8	5/8	3/4	1	1	1/8		1/8	1		2	74		1112
131	131	0	0	3/4	4	1	3/4		1/2	3/2	1	1	43		1124
131	131	0	0	3/4	3	1	3/4		1/2	3/2	1	2	50		1123
131	131	0	0	3/4	2	1	3/4		1/2	3/2		5	59		1122
131	131	0	0	3/4	1	1	1/8		1/8	1		5	83		1116
131	131	1/8	1/8	3/4	1	1	1/8		1/8	1		-1	77		1117
131	131	1/4	1/4	3/4	1	1	1/8		1/8	1		2	86		1118
131	131	3/8	3/8	3/4	1	1	1/8		1/8	1		0	84		1119
131	131	1/2	1/2	3/4	1	1	1/8		1/8	1		5	83		1120
131	131	5/8	5/8	3/4	1	1	1/8		1/8	1		3	81		1121
132	132	0	0	3/4	4	1	3/4		1/2	3/2	0	1	43		1133
132	132	0	0	3/4	3	1	3/4		1/2	3/2	0	2	50		1132
132	132	0	0	3/4	2	1	3/4		1/2	3/2	1	-2	58		1131
132	132	0	0	3/4	1	1	1/8		1/8	1		1	79		1125
132	132	1/8	1/8	3/4	1	1	1/8		1/8	1		-1	77		1126
132	132	1/4	1/4	3/4	1	1	1/8		1/8	1		4	76		1127
132	132	3/8	3/8	3/4	1	1	1/8		1/8	1		2	74		1128
132	132	1/2	1/2	3/4	1	1	1/8		1/8	1		-1	77		1129
132	132	5/8	5/8	3/4	1	1	1/8		1/8	1		2	74		1130
133	133	0	0	3/4	4	1	1/2		1/2	1	0	1	43		1144
133	133	0	0	3/4	3	1	1/2		1/2	1	-1	2	50		1142
133	133	0	0	3/4	2	1	1/2		1/2	1	-1	-2	58		1140
133	133	0	0	3/4	1	1	1/8		1/8	1		0	72		1134
133	133	1/8	1/8	3/4	1	1	1/8		1/8	1		5	71		1135
133	133	1/4	1/4	3/4	1	1	1/8		1/8	1		2	74		1136
133	133	3/8	3/8	3/4	1	1	1/8		1/8	1		5	71		1137
133	133	1/2	1/2	3/4	4	1	1/4		1/4	1	-1	1	43		1145
133	133	1/2	1/2	3/4	3	1	1/4		1/4	1		4	52		1143
133	133	1/2	1/2	3/4	2	1	1/4		1/4	1		0	60		1141
133	133	1/2	1/2	3/4	1	1	1/8		1/8	1		0	72		1138
133	133	5/8	5/8	3/4	1	1	1/8		1/8	1		4	76		1139
134	134	0	0	3/4	4	1	3/4		1/2	3/2		1	43		1154
134	134	0	0	3/4	3	1	3/4		1/2	3/2		2	50		1153
134	134	0	0	3/4	1	1	1/8		1/8	1		1	55		1146
134	134	0	0	3/4	2	1	3/4		1/2	3/2		5	59		1152
134	134	1/8	1/8	3/4	1	1	1/8		1/8	1		5	71		1147
134	134	1/4	1/4	3/4	1	1	1/8		1/8	1		2	74		1148
134	134	3/8	3/8	3/4	1	1	1/8		1/8	1		5	71		1149
134	134	1/2	1/2	3/4	1	1	1/8		1/8	1		-1	77		1150
134	134	5/8	5/8	3/4	1	1	1/8		1/8	1		2	74		1151
135	135	0	0	3/4	4	1	3/4		1/2	3/2	1	1	43		1163
135	135	0	0	3/4	3	1	3/4		1/2	3/2	1	2	50		1162
135	135	0	0	3/4	2	1	3/4		1/2	3/2		5	59		1161
135	135	0	0	3/4	1	1	1/8		1/8	1		5	83		1155
135	135	1/8	1/8	3/4	1	1	1/8		1/8	1		-1	77		1156
135	135	1/4	1/4	3/4	1	1	1/8		1/8	1		2	86		1157
135	135	3/8	3/8	3/4	1	1	1/8		1/8	1		0	84		1158
135	135	1/2	1/2	3/4	1	1	1/8		1/8	1		5	83		1159
135	135	5/8	5/8	3/4	1	1	1/8		1/8	1		3	81		1160
136	136	0	0	3/4	4	1	3/4		1/2	3/2	0	1	43		1172
136	136	0	0	3/4	3	1	3/4		1/2	3/2	0	2	50		1171
136	136	0	0	3/4	2	1	3/4		1/2	3/2	1	5	59		1170
136	136	0	0	3/4	1	1	1/8		1/8	1		1	79		1164
136	136	1/8	1/8	3/4	1	1	1/8		1/8	1		-1	77		1165
136	136	1/4	1/4	3/4	1	1	1/8		1/8	1		4	76		1166
136	136	3/8	3/8	3/4	1	1	1/8		1/8	1		2	74		1167
136	136	1/2	1/2	3/4	1	1	1/8		1/8	1		-1	77		1168
136	136	5/8	5/8	3/4	1	1	1/8		1/8	1		2	74		1169
137	137	0	0	3/4	4	1	1/2		1/2	1	-1	1	43		1183
137	137	0	0	3/4	3	1	1/2		1/2	1	-1	2	50		1181
137	137	0	0	3/4	2	1	1/2		1/2	1	-1	5	59		1179
137	137	0	0	3/4	1	1	1/8		1/8	1		0	72		1173
137	137	1/8	1/8	3/4	1	1	1/8		1/8	1		5	71		1174
137	137	1/4	1/4	3/4	1	1	1/8		1/8	1		2	74		1175
137	137	3/8	3/8	3/4	1	1	1/8		1/8	1		5	71		1176
137	137	1/2	1/2	3/4	4	1	1/4		1/4	1		0	48		1184
137	137	1/2	1/2	3/4	3	1	1/4		1/4	1		4	52		1182
137	137	1/2	1/2	3/4	2	1	1/4		1/4	1		0	60		1180
137	137	1/2	1/2	3/4	1	1	1/8		1/8	1		0	72		1177
137	137	5/8	5/8	3/4	1	1	1/8		1/8	1		4	76		1178
138	138	0	0	3/4	4	1	3/4		1/2	3/2		0	36		1193
138	138	0	0	3/4	3	1	3/4		1/2	3/2		0	48		1192
138	138	0	0	3/4	2	1	3/4		1/2	3/2		1	55		1191
138	138	0	0	3/4	1	1	1/8		1/8	1		0	60		1185
138	138	0	0	3/4	2	1	3/4		1/2	3/2		4	64		1191
138	138	1/8	1/8	3/4	1	1	1/8		1/8	1		0	72		1186
138	138	1/4	1/4	3/4	1	1	1/8		1/8	1		4	76		1187
138	138	3/8	3/8	3/4	1	1	1/8		1/8	1		0	72		1188
138	138	1/2	1/2	3/4	1	1	1/8		1/8	1		1	79		1189
138	138	5/8	5/8	3/4	1	1	1/8		1/8	1		4	76		1190
139	139	0	0	3/4	4	1	3/4		1/2	3/2	1	0	36		1202
139	139	0	0	3/4	3	1	3/4		1/2	3/2	1	0	48		1201
139	139	0	0	3/4	2	1	3/4		1/2	3/2	1	1	55		1200
139	139	0	0	3/4	2	1	3/4		1/2	3/2	1	4	64		1200
139	139	0	0	3/4	1	1	1/8		1/8	1		-2	82		1194
139	139	1/8	1/8	3/4	1	1	1/8		1/8	1		3	81		1195
139	139	1/4	1/4	3/4	1	1	1/8		1/8	1		1	79		1196
139	139	3/8	3/8	3/4	1	1	1/8		1/8	1		-1	77		1197
139	139	1/2	1/2	3/4	1	1	1/8		1/8	1		4	76		1198
139	139	5/8	5/8	3/4	1	1	1/8		1/8	1		2	74		1199
140	140	0	0	3/4	4	1	3/4		1/2	3/2	0	0	36		1211
140	140	0	0	3/4	3	1	3/4		1/2	3/2	0	0	48		1210
140	140	0	0	3/4	2	1	3/4		1/2	3/2	0	1	55		1209
140	140	0	0	3/4	2	1	3/4		1/2	3/2	0	4	64		1209
140	140	0	0	3/4	1	1	1/8		1/8	1		0	72		1203
140	140	1/8	1/8	3/4	1	1	1/8		1/8	1		-2	70		1204
140	140	1/4	1/4	3/4	1	1	1/8		1/8	1		3	69		1205
140	140	3/8	3/8	3/4	1	1	1/8		1/8	1		1	67		1206
140	140	1/2	1/2	3/4	1	1	1/8		1/8	1		-2	70		1207
140	140	5/8	5/8	3/4	1	1	1/8		1/8	1		1	67		1208
141	141	0	0	3/4	4	1	1/2		1/2	1	-1	0	36		1222
141	141	0	0	3/4	3	1	1/2		1/2	1	-1	0	48		1220
141	141	0	0	3/4	2	1	1/2		1/2	1	-1	1	55		1218
141	141	0	0	3/4	2	1	1/2		1/2	1	-1	4	64		1218
141	141	0	0	3/4	1	1	1/8		1/8	1		-1	65		1212
141	141	1/8	1/8	3/4	1	1	1/8		1/8	1		4	64		1213
141	141	1/4	1/4	3/4	1	1	1/8		1/8	1		1	67		1214
141	141	3/8	3/8	3/4	1	1	1/8		1/8	1		4	64		1215
141	141	1/2	1/2	3/4	4	1	1/4		1/4	1		0	48		1223
141	141	1/2	1/2	3/4	2	1	1/4		1/4	1		3	57		1219
141	141	1/2	1/2	3/4	3	1	1/4		1/4	1		0	60		1221
141	141	1/2	1/2	3/4	1	1	1/8		1/8	1		-1	65		1216
141	141	1/2	1/2	3/4	2	1	1/4		1/4	1		-1	65		1219
141	141	5/8	5/8	3/4	1	1	1/8		1/8	1		3	69		1217
142	142	0	0	3/4	4	1	3/4		1/2	3/2		0	36		1232
142	142	0	0	3/4	3	1	3/4		1/2	3/2		0	48		1231
142	142	0	0	3/4	2	1	3/4		1/2	3/2		1	55		1230
142	142	0	0	3/4	1	1	1/8		1/8	1		0	60		1224
142	142	0	0	3/4	2	1	3/4		1/2	3/2		4	64		1230
142	142	1/8	1/8	3/4	1	1	1/8		1/8	1		0	72		1225
142	142	1/4	1/4	3/4	1	1	1/8		1/8	1		4	76		1226
142	142	3/8	3/8	3/4	1	1	1/8		1/8	1		0	72		1227
142	142	1/2	1/2	3/4	1	1	1/8		1/8	1		1	79		1228
142	142	5/8	5/8	3/4	1	1	1/8		1/8	1		4	76		1229
143	143	0	0	3/4	4	1	3/4		1/2	3/2	1	0	36		1241
143	143	0	0	3/4	3	1	3/4		1/2	3/2	1	0	48		1240
143	143	0	0	3/4	2	1	3/4		1/2	3/2	1	1	55		1239
143	143	0	0	3/4	2	1	3/4		1/2	3/2	1	4	64		1239
143	143	0	0	3/4	1	1	1/8		1/8	1		-2	82		1233
143	143	1/8	1/8	3/4	1	1	1/8		1/8	1		3	81		1234
143	143	1/4	1/4	3/4	1	1	1/8		1/8	1		1	79		1235
143	143	3/8	3/8	3/4	1	1	1/8		1/8	1		-1	77		1236
143	143	1/2	1/2	3/4	1	1	1/8		1/8	1		4	76		1237
143	143	5/8	5/8	3/4	1	1	1/8		1/8	1		2	74		1238
144	144	0	0	3/4	4	1	1/4		1/4	1	-1	0	36		1250
144	144	0	0	3/4	3	1	1/4		1/4	1	-1	0	48		1249
144	144	0	0	3/4	2	1	1/4		1/4	1	-1	1	55		1248
144	144	0	0	3/4	2	1	1/4		1/4	1	-1	4	64		1248
144	144	0	0	3/4	1	1	1/8		1/8	1		0	72		1242
144	144	1/8	1/8	3/4	1	1	1/8		1/8	1		5	71		1243
144	144	1/4	1/4	3/4	1	1	1/8		1/8	1		2	74		1244
144	144	3/8	3/8	3/4	1	1	1/8		1/8	1		0	72		1245
144	144	1/2	1/2	3/4	1	1	1/8		1/8	1		5	71		1246
144	144	5/8	5/8	3/4	1	1	1/8		1/8	1		2	74		1247
145	145	0	0	3/4	1	1	1/8		1/8	1		0	72		1251
145	145	1/8	1/8	3/4	1	1	1/8		1/8	1		5	71		1252
145	145	1/4	1/4	3/4	1	1	1/8		1/8	1		2	74		1253
145	145	3/8	3/8	3/4	1	1	1/8		1/8	1		0	72		1254
145	145	1/2	1/2	3/4	1	1	1/8		1/8	1		-2	70		1255
145	145	5/8	5/8	3/4	1	1	1/8		1/8	1		1	67		1256
