mc	mn	quarterbeats	quarterbeats_all_endings	duration_qb	volta	mc_onset	mn_onset	timesig	staff	voice	duration	gracenote	nominal_duration	scalar	tied	tpc	midi	name	octave	chord_id
1	0	0	0	0.75		0	1/2	3/4	1	1	3/16		1/8	3/2		1	55	G3	3	0
1	0	3/4	3/4	0.25		3/16	11/16	3/4	1	1	1/16		1/16	1		0	60	C4	4	1
2	1	1	1	1.0		0	0	3/4	4	1	1/4		1/4	1		0	36	C2	2	8
2	1	1	1	2.0		0	0	3/4	3	1	1/2		1/2	1		1	55	G3	3	6
2	1	1	1	2.0		0	0	3/4	2	1	1/2		1/2	1		0	60	C4	4	4
2	1	1	1	2.0		0	0	3/4	1	1	1/2		1/2	1		-3	63	Eb4	4	2
2	1	2	2	1.0		1/4	1/4	3/4	4	1	1/4		1/4	1		0	48	C3	3	9
2	1	3	3	1.0		1/2	1/2	3/4	4	1	1/4		1/4	1		-2	46	Bb2	2	10
2	1	3	3	1.0		1/2	1/2	3/4	3	1	1/4		1/4	1		-2	58	Bb3	3	7
2	1	3	3	1.0		1/2	1/2	3/4	2	1	1/4		1/4	1		2	62	D4	4	5
2	1	3	3	1.0		1/2	1/2	3/4	1	1	1/4		1/4	1		-1	65	F4	4	3
3	2	4	4	1.0		0	0	3/4	4	1	1/4		1/4	1		-3	51	Eb3	3	17
3	2	4	4	2.0		0	0	3/4	3	1	1/2		1/2	1		-2	58	Bb3	3	15
3	2	4	4	2.0		0	0	3/4	2	1	1/2		1/2	1		-3	63	Eb4	4	13
3	2	4	4	2.0		0	0	3/4	1	1	1/2		1/2	1		1	67	G4	4	11
3	2	5	5	1.0		1/4	1/4	3/4	4	1	1/4		1/4	1		-3	39	Eb2	2	18
3	2	6	6	1.0		1/2	1/2	3/4	4	1	1/4		1/4	1		0	48	C3	3	19
3	2	6	6	1.0		1/2	1/2	3/4	3	1	1/4		1/4	1		-4	56	Ab3	3	16
3	2	6	6	1.0		1/2	1/2	3/4	2	1	1/4		1/4	1		-3	63	Eb4	4	14
3	2	6	6	1.0		1/2	1/2	3/4	1	1	1/4		1/4	1		-4	68	Ab4	4	12
4	3	7	7	1.0		0	0	3/4	4	1	1/4		1/4	1		1	43	G2	2	27
4	3	7	7	1.0		0	0	3/4	3	1	1/4		1/4	1		1	55	G3	3	24
4	3	7	7	2.0		0	0	3/4	2	1	1/2		1/2	1		-3	63	Eb4	4	22
4	3	7	7	2.0		0	0	3/4	1	1	1/2		1/2	1		-2	70	Bb4	4	20
4	3	8	8	1.0		1/4	1/4	3/4	4	1	1/4		1/4	1		1	55	G3	3	28
4	3	8	8	1.0		1/4	1/4	3/4	3	1	1/4		1/4	1		1	67	G4	4	25
4	3	9	9	1.0		1/2	1/2	3/4	4	1	1/4		1/4	1		0	60	C4	4	29
4	3	9	9	1.0		1/2	1/2	3/4	2	1	1/4		1/4	1	1	-6	66	Gb4	4	23
4	3	9	9	1.0		1/2	1/2	3/4	3	1	1/4		1/4	1		3	69	A4	4	26
4	3	9	9	1.0		1/2	1/2	3/4	1	1	1/4		1/4	1	1	-3	75	Eb5	5	21
5	4	10	10	1.0		0	0	3/4	4	1	1/4		1/4	1		3	57	A3	3	38
5	4	10	10	1.0		0	0	3/4	2	1	1/4		1/4	1	-1	-6	66	Gb4	4	34
5	4	10	10	1.0		0	0	3/4	3	1	1/4		1/4	1		0	72	C5	5	36
5	4	10	10	1.0		0	0	3/4	1	1	1/4		1/4	1	-1	-3	75	Eb5	5	30
5	4	11	11	1.0		1/4	1/4	3/4	4	1	1/4		1/4	1		-2	58	Bb3	3	39
5	4	11	11	1.0		1/4	1/4	3/4	2	1	1/4		1/4	1		-1	65	F4	4	35
5	4	11	11	1.0		1/4	1/4	3/4	3	1	1/4		1/4	1		-2	70	Bb4	4	37
5	4	11	11	1.0		1/4	1/4	3/4	1	1	1/4		1/4	1		2	74	D5	5	31
5	4	12	12	0.75		1/2	1/2	3/4	1	1	3/16		1/8	3/2		-1	65	F4	4	32
5	4	51/4	51/4	0.25		11/16	11/16	3/4	1	1	1/16		1/16	1		-4	68	Ab4	4	33
6	5	13	13	1.0		0	0	3/4	4	1	1/4		1/4	1		-1	41	F2	2	46
6	5	13	13	2.0		0	0	3/4	3	1	1/2		1/2	1		-4	56	Ab3	3	44
6	5	13	13	2.0		0	0	3/4	2	1	1/2		1/2	1		0	60	C4	4	42
6	5	13	13	2.0		0	0	3/4	1	1	1/2		1/2	1		0	72	C5	5	40
6	5	14	14	1.0		1/4	1/4	3/4	4	1	1/4		1/4	1		-1	53	F3	3	47
6	5	15	15	1.0		1/2	1/2	3/4	4	1	1/4		1/4	1		1	55	G3	3	48
6	5	15	15	1.0		1/2	1/2	3/4	3	1	1/4		1/4	1		-2	58	Bb3	3	45
6	5	15	15	1.0		1/2	1/2	3/4	2	1	1/4		1/4	1		4	64	E4	4	43
6	5	15	15	1.0		1/2	1/2	3/4	1	1	1/4		1/4	1		4	76	E5	5	41
7	6	16	16	1.0		0	0	3/4	4	1	1/4		1/4	1		-4	56	Ab3	3	56
7	6	16	16	1.0		0	0	3/4	3	1	1/4		1/4	1		0	60	C4	4	53
7	6	16	16	2.0		0	0	3/4	2	1	1/2		1/2	1		-1	65	F4	4	51
7	6	16	16	2.0		0	0	3/4	1	1	1/2		1/2	1		-1	77	F5	5	49
7	6	17	17	1.0		1/4	1/4	3/4	4	1	1/4		1/4	1		-4	44	Ab2	2	57
7	6	17	17	1.0		1/4	1/4	3/4	3	1	1/4		1/4	1		0	48	C3	3	54
7	6	18	18	1.0		1/2	1/2	3/4	4	1	1/4		1/4	1		-1	53	F3	3	58
7	6	18	18	1.0		1/2	1/2	3/4	3	1	1/4		1/4	1		2	62	D4	4	55
7	6	18	18	1.0		1/2	1/2	3/4	2	1	1/4		1/4	1	1	0	72	C5	5	52
7	6	18	18	1.0		1/2	1/2	3/4	1	1	1/4		1/4	1	1	-4	80	Ab5	5	50
8	7	19	19	1.0		0	0	3/4	4	1	1/4		1/4	1		1	43	G2	2	68
8	7	19	19	1.0		0	0	3/4	3	1	1/4		1/4	1		-3	63	Eb4	4	65
8	7	19	19	1.0		0	0	3/4	2	1	1/4		1/4	1	-1	0	72	C5	5	62
8	7	19	19	1.0		0	0	3/4	1	1	1/4		1/4	1	-1	-4	80	Ab5	5	59
8	7	20	20	1.0		1/4	1/4	3/4	4	1	1/4		1/4	1		1	55	G3	3	69
8	7	20	20	1.0		1/4	1/4	3/4	3	1	1/4		1/4	1		-3	63	Eb4	4	66
8	7	20	20	1.0		1/4	1/4	3/4	2	1	1/4		1/4	1		0	72	C5	5	63
8	7	20	20	1.0		1/4	1/4	3/4	1	1	1/4		1/4	1		1	79	G5	5	60
8	7	21	21	1.0		1/2	1/2	3/4	4	1	1/4		1/4	1		1	55	G3	3	70
8	7	21	21	1.0		1/2	1/2	3/4	3	1	1/4		1/4	1		2	62	D4	4	67
8	7	21	21	1.0		1/2	1/2	3/4	2	1	1/4		1/4	1		-1	65	F4	4	64
8	7	21	21	1.0		1/2	1/2	3/4	1	1	1/4		1/4	1		5	71	B4	4	61
9	8	22	22	1.0		0	0	3/4	4	1	1/4		1/4	1		0	48	C3	3	74
9	8	22	22	1.0		0	0	3/4	3	1	1/4		1/4	1		0	60	C4	4	73
9	8	22	22	1.0		0	0	3/4	2	1	1/4		1/4	1		-3	63	Eb4	4	72
9	8	22	22	1.0		0	0	3/4	1	1	1/4		1/4	1		0	72	C5	5	71
10	8	24	24	0.75		0	1/2	3/4	2	1	3/16		1/8	3/2		1	55	G3	3	75
10	8	99/4	99/4	0.25		3/16	11/16	3/4	2	1	1/16		1/16	1		0	60	C4	4	76
11	9	25	25	1.0		0	0	3/4	4	1	1/4		1/4	1		0	48	C3	3	81
11	9	25	25	2.0		0	0	3/4	3	1	1/2		1/2	1		0	60	C4	4	79
11	9	25	25	2.0		0	0	3/4	2	1	1/2		1/2	1		4	64	E4	4	77
11	9	26	26	1.0		1/4	1/4	3/4	4	1	1/4		1/4	1		0	60	C4	4	82
11	9	27	27	1.0		1/2	1/2	3/4	4	1	1/4		1/4	1		0	60	C4	4	83
11	9	27	27	1.0		1/2	1/2	3/4	3	1	1/4		1/4	1		2	62	D4	4	80
11	9	27	27	1.0		1/2	1/2	3/4	2	1	1/4		1/4	1		-1	65	F4	4	78
12	10	28	28	1.0		0	0	3/4	4	1	1/4		1/4	1		0	60	C4	4	90
12	10	28	28	1.0		0	0	3/4	3	1	1/4		1/4	1		9	63	D#4	4	87
12	10	28	28	1.0		0	0	3/4	2	1	1/4		1/4	1		6	66	F#4	4	84
12	10	29	29	1.0		1/4	1/4	3/4	4	1	1/4		1/4	1		0	60	C4	4	91
12	10	29	29	1.0		1/4	1/4	3/4	3	1	1/4		1/4	1		4	64	E4	4	88
12	10	29	29	1.0		1/4	1/4	3/4	2	1	1/4		1/4	1		1	67	G4	4	85
12	10	30	30	1.0		1/2	1/2	3/4	4	1	1/4		1/4	1		0	60	C4	4	92
12	10	30	30	1.0		1/2	1/2	3/4	3	1	1/4		1/4	1		-1	65	F4	4	89
12	10	30	30	1.0		1/2	1/2	3/4	2	1	1/4		1/4	1		-4	68	Ab4	4	86
13	11	31	31	1.0		0	0	3/4	4	1	1/4		1/4	1		0	60	C4	4	99
13	11	31	31	1.0		0	0	3/4	3	1	1/4		1/4	1		6	66	F#4	4	96
13	11	31	31	1.0		0	0	3/4	2	1	1/4		1/4	1		3	69	A4	4	93
13	11	32	32	1.0		1/4	1/4	3/4	4	1	1/4		1/4	1		0	60	C4	4	100
13	11	32	32	1.0		1/4	1/4	3/4	3	1	1/4		1/4	1		1	67	G4	4	97
13	11	32	32	1.0		1/4	1/4	3/4	2	1	1/4		1/4	1		-2	70	Bb4	4	94
13	11	33	33	1.0		1/2	1/2	3/4	4	1	1/4		1/4	1		0	60	C4	4	101
13	11	33	33	1.0		1/2	1/2	3/4	3	1	1/4		1/4	1		-4	68	Ab4	4	98
13	11	33	33	1.0		1/2	1/2	3/4	2	1	1/4		1/4	1		0	72	C5	5	95
14	12	34	34	1.0		0	0	3/4	4	1	1/4		1/4	1		0	60	C4	4	109
14	12	34	34	2.0		0	0	3/4	3	1	1/2		1/2	1		-2	70	Bb4	4	106
14	12	34	34	2.0		0	0	3/4	2	1	1/2		1/2	1		-5	73	Db5	5	103
14	12	34	34	3.0		0	0	3/4	1	1	3/4		1/2	3/2		4	76	E5	5	102
14	12	35	35	1.0		1/4	1/4	3/4	4	1	1/4		1/4	1		0	60	C4	4	110
14	12	36	36	1.0		1/2	1/2	3/4	4	1	1/4		1/4	1		0	60	C4	4	111
14	12	36	36	0.5		1/2	1/2	3/4	3	1	1/8		1/8	1		-4	68	Ab4	4	107
14	12	36	36	0.5		1/2	1/2	3/4	2	1	1/8		1/8	1		0	72	C5	5	104
14	12	73/2	73/2	0.5		5/8	5/8	3/4	3	1	1/8		1/8	1		1	67	G4	4	108
14	12	73/2	73/2	0.5		5/8	5/8	3/4	2	1	1/8		1/8	1		-2	70	Bb4	4	105
15	13	37	37	1.0		0	0	3/4	4	1	1/4		1/4	1		-1	53	F3	3	118
15	13	37	37	2.0		0	0	3/4	3	1	1/2		1/2	1		-1	65	F4	4	116
15	13	37	37	2.0		0	0	3/4	2	1	1/2		1/2	1		-4	68	Ab4	4	114
15	13	37	37	2.0		0	0	3/4	1	1	1/2		1/2	1		-1	77	F5	5	112
15	13	38	38	1.0		1/4	1/4	3/4	4	1	1/4		1/4	1		0	60	C4	4	119
15	13	39	39	1.0		1/2	1/2	3/4	4	1	1/4		1/4	1		0	48	C3	3	120
15	13	39	39	1.0		1/2	1/2	3/4	3	1	1/4		1/4	1		4	64	E4	4	117
15	13	39	39	1.0		1/2	1/2	3/4	2	1	1/4		1/4	1		-2	70	Bb4	4	115
15	13	39	39	1.0		1/2	1/2	3/4	1	1	1/4		1/4	1		1	79	G5	5	113
16	14	40	40	1.0		0	0	3/4	4	1	1/4		1/4	1		-1	53	F3	3	127
16	14	40	40	2.0		0	0	3/4	3	1	1/2		1/2	1		-1	65	F4	4	125
16	14	40	40	2.0		0	0	3/4	2	1	1/2		1/2	1		-4	68	Ab4	4	123
16	14	40	40	2.0		0	0	3/4	1	1	1/2		1/2	1		-1	77	F5	5	121
16	14	41	41	1.0		1/4	1/4	3/4	4	1	1/4		1/4	1		0	60	C4	4	128
16	14	42	42	1.0		1/2	1/2	3/4	4	1	1/4		1/4	1		0	48	C3	3	129
16	14	42	42	1.0		1/2	1/2	3/4	3	1	1/4		1/4	1		4	64	E4	4	126
16	14	42	42	1.0		1/2	1/2	3/4	2	1	1/4		1/4	1		-2	70	Bb4	4	124
16	14	42	42	1.0		1/2	1/2	3/4	1	1	1/4		1/4	1		1	79	G5	5	122
17	15	43	43	1.0		0	0	3/4	4	1	1/4		1/4	1		-1	53	F3	3	136
17	15	43	43	2.0		0	0	3/4	3	1	1/2		1/2	1		-1	65	F4	4	134
17	15	43	43	2.0		0	0	3/4	2	1	1/2		1/2	1		-4	68	Ab4	4	132
17	15	43	43	2.0		0	0	3/4	1	1	1/2		1/2	1		-1	77	F5	5	130
17	15	44	44	1.0		1/4	1/4	3/4	4	1	1/4		1/4	1		0	60	C4	4	137
17	15	45	45	1.0		1/2	1/2	3/4	4	1	1/4		1/4	1		0	48	C3	3	138
17	15	45	45	1.0		1/2	1/2	3/4	3	1	1/4		1/4	1		4	64	E4	4	135
17	15	45	45	1.0		1/2	1/2	3/4	2	1	1/4		1/4	1		-2	70	Bb4	4	133
17	15	45	45	1.0		1/2	1/2	3/4	1	1	1/4		1/4	1		1	79	G5	5	131
18	16	46	46	1.0		0	0	3/4	4	1	1/4		1/4	1		-1	53	F3	3	146
18	16	46	46	1.0		0	0	3/4	3	1	1/4		1/4	1		-1	65	F4	4	145
18	16	46	46	1.0		0	0	3/4	2	1	1/4		1/4	1		-4	68	Ab4	4	142
18	16	46	46	1.0		0	0	3/4	1	1	1/4		1/4	1		-1	77	F5	5	139
18	16	48	48	0.75		1/2	1/2	3/4	2	1	3/16		1/8	3/2		-4	56	Ab3	3	143
18	16	48	48	0.75		1/2	1/2	3/4	1	1	3/16		1/8	3/2		-4	68	Ab4	4	140
18	16	195/4	195/4	0.25		11/16	11/16	3/4	2	1	1/16		1/16	1		-5	61	Db4	4	144
18	16	195/4	195/4	0.25		11/16	11/16	3/4	1	1	1/16		1/16	1		-5	73	Db5	5	141
19	17	49	49	1.0		0	0	3/4	4	1	1/4		1/4	1		-5	49	Db3	3	153
19	17	49	49	2.0		0	0	3/4	3	1	1/2		1/2	1		-5	49	Db3	3	151
19	17	49	49	2.0		0	0	3/4	2	1	1/2		1/2	1		-1	65	F4	4	149
19	17	49	49	2.0		0	0	3/4	1	1	1/2		1/2	1		-1	77	F5	5	147
19	17	50	50	1.0		1/4	1/4	3/4	4	1	1/4		1/4	1		-5	61	Db4	4	154
19	17	51	51	1.0		1/2	1/2	3/4	3	1	1/4		1/4	1		-3	51	Eb3	3	152
19	17	51	51	1.0		1/2	1/2	3/4	4	1	1/4		1/4	1		-5	61	Db4	4	155
19	17	51	51	1.0		1/2	1/2	3/4	2	1	1/4		1/4	1		-6	66	Gb4	4	150
19	17	51	51	1.0		1/2	1/2	3/4	1	1	1/4		1/4	1		-6	78	Gb5	5	148
20	18	52	52	1.0		0	0	3/4	3	1	1/4		1/4	1		4	52	E3	3	162
20	18	52	52	1.0		0	0	3/4	4	1	1/4		1/4	1		-5	61	Db4	4	165
20	18	52	52	1.0		0	0	3/4	2	1	1/4		1/4	1		1	67	G4	4	159
20	18	52	52	1.0		0	0	3/4	1	1	1/4		1/4	1		1	79	G5	5	156
20	18	53	53	1.0		1/4	1/4	3/4	3	1	1/4		1/4	1		-1	53	F3	3	163
20	18	53	53	1.0		1/4	1/4	3/4	4	1	1/4		1/4	1		-5	61	Db4	4	166
20	18	53	53	1.0		1/4	1/4	3/4	2	1	1/4		1/4	1		-4	68	Ab4	4	160
20	18	53	53	1.0		1/4	1/4	3/4	1	1	1/4		1/4	1		-4	80	Ab5	5	157
20	18	54	54	1.0		1/2	1/2	3/4	3	1	1/4		1/4	1		6	54	F#3	3	164
20	18	54	54	1.0		1/2	1/2	3/4	4	1	1/4		1/4	1		-5	61	Db4	4	167
20	18	54	54	1.0		1/2	1/2	3/4	2	1	1/4		1/4	1		3	69	A4	4	161
20	18	54	54	1.0		1/2	1/2	3/4	1	1	1/4		1/4	1		3	81	A5	5	158
21	19	55	55	1.0		0	0	3/4	3	1	1/4		1/4	1		1	55	G3	3	174
21	19	55	55	1.0		0	0	3/4	4	1	1/4		1/4	1		-5	61	Db4	4	177
21	19	55	55	1.0		0	0	3/4	2	1	1/4		1/4	1		-2	70	Bb4	4	171
21	19	55	55	1.0		0	0	3/4	1	1	1/4		1/4	1		-2	82	Bb5	5	168
21	19	56	56	1.0		1/4	1/4	3/4	3	1	1/4		1/4	1		-4	56	Ab3	3	175
21	19	56	56	1.0		1/4	1/4	3/4	4	1	1/4		1/4	1		-5	61	Db4	4	178
21	19	56	56	1.0		1/4	1/4	3/4	2	1	1/4		1/4	1		5	71	B4	4	172
21	19	56	56	1.0		1/4	1/4	3/4	1	1	1/4		1/4	1		5	83	B5	5	169
21	19	57	57	1.0		1/2	1/2	3/4	3	1	1/4		1/4	1		3	57	A3	3	176
21	19	57	57	1.0		1/2	1/2	3/4	4	1	1/4		1/4	1		-5	61	Db4	4	179
21	19	57	57	1.0		1/2	1/2	3/4	2	1	1/4		1/4	1		0	72	C5	5	173
21	19	57	57	1.0		1/2	1/2	3/4	1	1	1/4		1/4	1		0	84	C6	6	170
22	20	58	58	1.0		0	0	3/4	3	1	1/4		1/4	1		-2	58	Bb3	3	190
22	20	58	58	1.0		0	0	3/4	4	1	1/4		1/4	1		-5	61	Db4	4	195
22	20	58	58	1.0		0	0	3/4	2	1	1/4		1/4	1		-5	73	Db5	5	185
22	20	58	58	1.0		0	0	3/4	1	1	1/4		1/4	1		-5	85	Db6	6	180
22	20	59	59	0.5		1/4	1/4	3/4	3	1	1/8		1/8	1		0	60	C4	4	191
22	20	59	59	1.0		1/4	1/4	3/4	4	1	1/4		1/4	1		-5	61	Db4	4	196
22	20	59	59	0.5		1/4	1/4	3/4	2	1	1/8		1/8	1		-3	75	Eb5	5	186
22	20	59	59	0.5		1/4	1/4	3/4	1	1	1/8		1/8	1		-3	87	Eb6	6	181
22	20	119/2	119/2	0.5		3/8	3/8	3/4	3	1	1/8		1/8	1		-2	58	Bb3	3	192
22	20	119/2	119/2	0.5		3/8	3/8	3/4	2	1	1/8		1/8	1		-5	73	Db5	5	187
22	20	119/2	119/2	0.5		3/8	3/8	3/4	1	1	1/8		1/8	1		-5	85	Db6	6	182
22	20	60	60	0.5		1/2	1/2	3/4	3	1	1/8		1/8	1		-4	56	Ab3	3	193
22	20	60	60	1.0		1/2	1/2	3/4	4	1	1/4		1/4	1		-5	61	Db4	4	197
22	20	60	60	0.5		1/2	1/2	3/4	2	1	1/8		1/8	1		0	72	C5	5	188
22	20	60	60	0.5		1/2	1/2	3/4	1	1	1/8		1/8	1		0	84	C6	6	183
22	20	121/2	121/2	0.5		5/8	5/8	3/4	3	1	1/8		1/8	1		-6	54	Gb3	3	194
22	20	121/2	121/2	0.5		5/8	5/8	3/4	2	1	1/8		1/8	1		-2	70	Bb4	4	189
22	20	121/2	121/2	0.5		5/8	5/8	3/4	1	1	1/8		1/8	1		-2	82	Bb5	5	184
23	21	61	61	1.0		0	0	3/4	3	1	1/4		1/4	1		-1	53	F3	3	203
23	21	61	61	1.0		0	0	3/4	4	1	1/4		1/4	1		-5	61	Db4	4	206
23	21	61	61	1.0		0	0	3/4	2	1	1/4		1/4	1		-4	68	Ab4	4	200
23	21	61	61	2.0		0	0	3/4	1	1	1/2		1/2	1		-4	80	Ab5	5	198
23	21	62	62	2.0		1/4	1/4	3/4	4	1	1/2		1/2	1	1	-5	49	Db3	3	207
23	21	62	62	1.0		1/4	1/4	3/4	3	1	1/4		1/4	1		-5	61	Db4	4	204
23	21	62	62	1.0		1/4	1/4	3/4	2	1	1/4		1/4	1		-1	65	F4	4	201
23	21	63	63	1.0		1/2	1/2	3/4	3	1	1/4		1/4	1		-4	56	Ab3	3	205
23	21	63	63	1.0		1/2	1/2	3/4	2	1	1/4		1/4	1		0	72	C5	5	202
23	21	63	63	1.0		1/2	1/2	3/4	1	1	1/4		1/4	1		-6	78	Gb5	5	199
24	22	64	64	1.0		0	0	3/4	4	1	1/4		1/4	1	-1	-5	49	Db3	3	216
24	22	64	64	1.0		0	0	3/4	3	1	1/4		1/4	1		-5	61	Db4	4	213
24	22	64	64	1.0		0	0	3/4	2	1	1/4		1/4	1		-4	68	Ab4	4	210
24	22	64	64	2.0		0	0	3/4	1	1	1/2		1/2	1		-1	77	F5	5	208
24	22	65	65	2.0		1/4	1/4	3/4	4	1	1/2		1/2	1	1	-5	49	Db3	3	217
24	22	65	65	1.0		1/4	1/4	3/4	3	1	1/4		1/4	1		-4	68	Ab4	4	214
24	22	65	65	1.0		1/4	1/4	3/4	2	1	1/4		1/4	1		-5	73	Db5	5	211
24	22	66	66	1.0		1/2	1/2	3/4	3	1	1/4		1/4	1		-4	56	Ab3	3	215
24	22	66	66	1.0		1/2	1/2	3/4	2	1	1/4		1/4	1		0	72	C5	5	212
24	22	66	66	1.0		1/2	1/2	3/4	1	1	1/4		1/4	1		-6	78	Gb5	5	209
25	23	67	67	1.0		0	0	3/4	4	1	1/4		1/4	1	-1	-5	49	Db3	3	226
25	23	67	67	1.0		0	0	3/4	3	1	1/4		1/4	1		-5	61	Db4	4	223
25	23	67	67	1.0		0	0	3/4	2	1	1/4		1/4	1		-4	68	Ab4	4	220
25	23	67	67	2.0		0	0	3/4	1	1	1/2		1/2	1		-1	77	F5	5	218
25	23	68	68	2.0		1/4	1/4	3/4	4	1	1/2		1/2	1		-5	49	Db3	3	227
25	23	68	68	1.0		1/4	1/4	3/4	3	1	1/4		1/4	1		-4	68	Ab4	4	224
25	23	68	68	1.0		1/4	1/4	3/4	2	1	1/4		1/4	1		-5	73	Db5	5	221
25	23	69	69	1.0		1/2	1/2	3/4	3	1	1/4		1/4	1		-4	56	Ab3	3	225
25	23	69	69	1.0		1/2	1/2	3/4	2	1	1/4		1/4	1		0	72	C5	5	222
25	23	69	69	1.0		1/2	1/2	3/4	1	1	1/4		1/4	1		-6	78	Gb5	5	219
26	24	70	70	1.0		0	0	3/4	4	1	1/4		1/4	1		-5	49	Db3	3	235
26	24	70	70	1.0		0	0	3/4	3	1	1/4		1/4	1		-5	61	Db4	4	232
26	24	70	70	1.0		0	0	3/4	2	1	1/4		1/4	1		-4	68	Ab4	4	229
26	24	70	70	3.0		0	0	3/4	1	1	3/4		1/2	3/2	1	-1	77	F5	5	228
26	24	71	71	1.0		1/4	1/4	3/4	4	1	1/4		1/4	1		0	48	C3	3	236
26	24	71	71	1.0		1/4	1/4	3/4	3	1	1/4		1/4	1		0	60	C4	4	233
26	24	71	71	1.0		1/4	1/4	3/4	2	1	1/4		1/4	1		-4	68	Ab4	4	230
26	24	72	72	1.0		1/2	1/2	3/4	4	1	1/4		1/4	1		5	47	B2	2	237
26	24	72	72	1.0		1/2	1/2	3/4	3	1	1/4		1/4	1		5	59	B3	3	234
26	24	72	72	1.0		1/2	1/2	3/4	2	1	1/4		1/4	1	1	2	74	D5	5	231
27	25	73	73	2.0		0	0	3/4	4	1	1/2		1/2	1		0	48	C3	3	244
27	25	73	73	2.0		0	0	3/4	3	1	1/2		1/2	1		0	60	C4	4	242
27	25	73	73	1.0		0	0	3/4	2	1	1/4		1/4	1	-1	2	74	D5	5	239
27	25	73	73	3.0		0	0	3/4	1	1	3/4		1/2	3/2	-1	-1	77	F5	5	238
27	25	74	74	1.0		1/4	1/4	3/4	2	1	1/4		1/4	1		1	67	G4	4	240
27	25	75	75	1.0		1/2	1/2	3/4	4	1	1/4		1/4	1		-2	46	Bb2	2	245
27	25	75	75	1.0		1/2	1/2	3/4	3	1	1/4		1/4	1		-2	58	Bb3	3	243
27	25	75	75	1.0		1/2	1/2	3/4	2	1	1/4		1/4	1	1	0	72	C5	5	241
28	26	76	76	0.0		0	0	3/4	1	1	0	grace16after	1/16	1		-3	75	Eb5	5	246
28	26	76	76	0.0		0	0	3/4	1	1	0	grace16after	1/16	1		2	74	D5	5	247
28	26	76	76	1.0		0	0	3/4	4	1	1/4		1/4	1		-4	44	Ab2	2	255
28	26	76	76	1.0		0	0	3/4	3	1	1/4		1/4	1		-4	56	Ab3	3	252
28	26	76	76	1.0		0	0	3/4	2	1	1/4		1/4	1	-1	0	72	C5	5	249
28	26	76	76	3.0		0	0	3/4	1	1	3/4		1/2	3/2		-3	75	Eb5	5	248
28	26	77	77	1.0		1/4	1/4	3/4	4	1	1/4		1/4	1		1	43	G2	2	256
28	26	77	77	1.0		1/4	1/4	3/4	3	1	1/4		1/4	1		1	55	G3	3	253
28	26	77	77	1.0		1/4	1/4	3/4	2	1	1/4		1/4	1		0	72	C5	5	250
28	26	78	78	1.0		1/2	1/2	3/4	4	1	1/4		1/4	1		6	42	F#2	2	257
28	26	78	78	1.0		1/2	1/2	3/4	3	1	1/4		1/4	1		6	54	F#3	3	254
28	26	78	78	1.0		1/2	1/2	3/4	2	1	1/4		1/4	1		0	72	C5	5	251
29	27	79	79	3.0		0	0	3/4	4	1	3/4		1/2	3/2	1	1	43	G2	2	264
29	27	79	79	2.0		0	0	3/4	3	1	1/2		1/2	1		1	55	G3	3	262
29	27	79	79	1.0		0	0	3/4	2	1	1/4		1/4	1		0	72	C5	5	260
29	27	79	79	2.0		0	0	3/4	1	1	1/2		1/2	1		2	74	D5	5	258
29	27	80	80	2.0		1/4	1/4	3/4	2	1	1/2		1/2	1		5	71	B4	4	261
29	27	81	81	1.0		1/2	1/2	3/4	3	1	1/4		1/4	1		-1	65	F4	4	263
29	27	81	81	1.0		1/2	1/2	3/4	1	1	1/4		1/4	1	1	-4	80	Ab5	5	259
30	28	82	82	3.0		0	0	3/4	4	1	3/4		1/2	3/2	0	1	43	G2	2	272
30	28	82	82	2.0		0	0	3/4	3	1	1/2		1/2	1		-3	63	Eb4	4	270
30	28	82	82	2.0		0	0	3/4	2	1	1/2		1/2	1		0	72	C5	5	268
30	28	82	82	1.0		0	0	3/4	1	1	1/4		1/4	1	-1	-4	80	Ab5	5	265
30	28	83	83	1.0		1/4	1/4	3/4	1	1	1/4		1/4	1		1	79	G5	5	266
30	28	84	84	1.0		1/2	1/2	3/4	3	1	1/4		1/4	1		0	60	C4	4	271
30	28	84	84	1.0		1/2	1/2	3/4	2	1	1/4		1/4	1		6	66	F#4	4	269
30	28	84	84	1.0		1/2	1/2	3/4	1	1	1/4		1/4	1	1	-3	75	Eb5	5	267
31	29	85	85	3.0		0	0	3/4	4	1	3/4		1/2	3/2	0	1	43	G2	2	280
31	29	85	85	2.0		0	0	3/4	3	1	1/2		1/2	1		5	59	B3	3	278
31	29	85	85	2.0		0	0	3/4	2	1	1/2		1/2	1		1	67	G4	4	276
31	29	85	85	1.0		0	0	3/4	1	1	1/4		1/4	1	-1	-3	75	Eb5	5	273
31	29	86	86	1.0		1/4	1/4	3/4	1	1	1/4		1/4	1		2	74	D5	5	274
31	29	87	87	1.0		1/2	1/2	3/4	3	1	1/4		1/4	1		-1	65	F4	4	279
31	29	87	87	1.0		1/2	1/2	3/4	2	1	1/4		1/4	1		5	71	B4	4	277
31	29	87	87	1.0		1/2	1/2	3/4	1	1	1/4		1/4	1	1	-4	80	Ab5	5	275
32	30	88	88	3.0		0	0	3/4	4	1	3/4		1/2	3/2	0	1	43	G2	2	288
32	30	88	88	2.0		0	0	3/4	3	1	1/2		1/2	1		-3	63	Eb4	4	286
32	30	88	88	2.0		0	0	3/4	2	1	1/2		1/2	1		0	72	C5	5	284
32	30	88	88	1.0		0	0	3/4	1	1	1/4		1/4	1	-1	-4	80	Ab5	5	281
32	30	89	89	1.0		1/4	1/4	3/4	1	1	1/4		1/4	1		1	79	G5	5	282
32	30	90	90	1.0		1/2	1/2	3/4	3	1	1/4		1/4	1		6	66	F#4	4	287
32	30	90	90	1.0		1/2	1/2	3/4	2	1	1/4		1/4	1	1	0	72	C5	5	285
32	30	90	90	1.0		1/2	1/2	3/4	1	1	1/4		1/4	1	1	-3	75	Eb5	5	283
33	31	91	91	1.0		0	0	3/4	4	1	1/4		1/4	1	-1	1	43	G2	2	297
33	31	91	91	2.0		0	0	3/4	3	1	1/2		1/2	1		1	67	G4	4	295
33	31	91	91	1.0		0	0	3/4	2	1	1/4		1/4	1	-1	0	72	C5	5	292
33	31	91	91	1.0		0	0	3/4	1	1	1/4		1/4	1	-1	-3	75	Eb5	5	289
33	31	92	92	1.0		1/4	1/4	3/4	4	1	1/4		1/4	1		1	55	G3	3	298
33	31	92	92	1.0		1/4	1/4	3/4	2	1	1/4		1/4	1		5	71	B4	4	293
33	31	92	92	1.0		1/4	1/4	3/4	1	1	1/4		1/4	1		2	74	D5	5	290
33	31	93	93	1.0		1/2	1/2	3/4	4	1	1/4		1/4	1		1	55	G3	3	299
33	31	93	93	1.0		1/2	1/2	3/4	3	1	1/4		1/4	1		6	66	F#4	4	296
33	31	93	93	1.0		1/2	1/2	3/4	2	1	1/4		1/4	1	1	0	72	C5	5	294
33	31	93	93	1.0		1/2	1/2	3/4	1	1	1/4		1/4	1	1	-3	75	Eb5	5	291
34	32	94	94	1.0		0	0	3/4	4	1	1/4		1/4	1		1	55	G3	3	307
34	32	94	94	1.0		0	0	3/4	3	1	1/4		1/4	1		1	67	G4	4	306
34	32	94	94	1.0		0	0	3/4	2	1	1/4		1/4	1	-1	0	72	C5	5	304
34	32	94	94	1.0		0	0	3/4	1	1	1/4		1/4	1	-1	-3	75	Eb5	5	300
34	32	95	95	1.0		1/4	1/4	3/4	2	1	1/4		1/4	1		5	71	B4	4	305
34	32	95	95	1.0		1/4	1/4	3/4	1	1	1/4		1/4	1		2	74	D5	5	301
34	32	96	96	0.75		1/2	1/2	3/4	1	1	3/16		1/8	3/2		1	55	G3	3	302
34	32	387/4	387/4	0.25		11/16	11/16	3/4	1	1	1/16		1/16	1		0	60	C4	4	303
35	33	97	97	1.0		0	0	3/4	4	1	1/4		1/4	1		0	36	C2	2	314
35	33	97	97	2.0		0	0	3/4	3	1	1/2		1/2	1		1	55	G3	3	312
35	33	97	97	2.0		0	0	3/4	2	1	1/2		1/2	1		0	60	C4	4	310
35	33	97	97	2.0		0	0	3/4	1	1	1/2		1/2	1		-3	63	Eb4	4	308
35	33	98	98	1.0		1/4	1/4	3/4	4	1	1/4		1/4	1		0	48	C3	3	315
35	33	99	99	1.0		1/2	1/2	3/4	4	1	1/4		1/4	1		-2	46	Bb2	2	316
35	33	99	99	1.0		1/2	1/2	3/4	3	1	1/4		1/4	1		-2	58	Bb3	3	313
35	33	99	99	1.0		1/2	1/2	3/4	2	1	1/4		1/4	1		2	62	D4	4	311
35	33	99	99	1.0		1/2	1/2	3/4	1	1	1/4		1/4	1		-1	65	F4	4	309
36	34	100	100	1.0		0	0	3/4	4	1	1/4		1/4	1		-3	51	Eb3	3	323
36	34	100	100	2.0		0	0	3/4	3	1	1/2		1/2	1		-2	58	Bb3	3	321
36	34	100	100	2.0		0	0	3/4	2	1	1/2		1/2	1		-3	63	Eb4	4	319
36	34	100	100	2.0		0	0	3/4	1	1	1/2		1/2	1		1	67	G4	4	317
36	34	101	101	1.0		1/4	1/4	3/4	4	1	1/4		1/4	1		-3	39	Eb2	2	324
36	34	102	102	1.0		1/2	1/2	3/4	4	1	1/4		1/4	1		0	48	C3	3	325
36	34	102	102	1.0		1/2	1/2	3/4	3	1	1/4		1/4	1		-4	56	Ab3	3	322
36	34	102	102	1.0		1/2	1/2	3/4	2	1	1/4		1/4	1		-3	63	Eb4	4	320
36	34	102	102	1.0		1/2	1/2	3/4	1	1	1/4		1/4	1		-4	68	Ab4	4	318
37	35	103	103	1.0		0	0	3/4	4	1	1/4		1/4	1		1	43	G2	2	333
37	35	103	103	1.0		0	0	3/4	3	1	1/4		1/4	1		1	55	G3	3	330
37	35	103	103	2.0		0	0	3/4	2	1	1/2		1/2	1		-3	63	Eb4	4	328
37	35	103	103	2.0		0	0	3/4	1	1	1/2		1/2	1		-2	70	Bb4	4	326
37	35	104	104	1.0		1/4	1/4	3/4	4	1	1/4		1/4	1		1	55	G3	3	334
37	35	104	104	1.0		1/4	1/4	3/4	3	1	1/4		1/4	1		1	67	G4	4	331
37	35	105	105	1.0		1/2	1/2	3/4	4	1	1/4		1/4	1		0	60	C4	4	335
37	35	105	105	1.0		1/2	1/2	3/4	2	1	1/4		1/4	1	1	-6	66	Gb4	4	329
37	35	105	105	1.0		1/2	1/2	3/4	3	1	1/4		1/4	1		3	69	A4	4	332
37	35	105	105	1.0		1/2	1/2	3/4	1	1	1/4		1/4	1	1	-3	75	Eb5	5	327
38	36	106	106	1.0		0	0	3/4	4	1	1/4		1/4	1		3	57	A3	3	345
38	36	106	106	1.0		0	0	3/4	2	1	1/4		1/4	1	-1	-6	66	Gb4	4	339
38	36	106	106	1.0		0	0	3/4	3	1	1/4		1/4	1		0	72	C5	5	342
38	36	106	106	1.0		0	0	3/4	1	1	1/4		1/4	1	-1	-3	75	Eb5	5	336
38	36	107	107	1.0		1/4	1/4	3/4	4	1	1/4		1/4	1		-2	58	Bb3	3	346
38	36	107	107	1.0		1/4	1/4	3/4	2	1	1/4		1/4	1		-1	65	F4	4	340
38	36	107	107	1.0		1/4	1/4	3/4	3	1	1/4		1/4	1		-2	70	Bb4	4	343
38	36	107	107	1.0		1/4	1/4	3/4	1	1	1/4		1/4	1		2	74	D5	5	337
38	36	108	108	1.0		1/2	1/2	3/4	3	1	1/4		1/4	1		1	55	G3	3	344
38	36	108	108	1.0		1/2	1/2	3/4	4	1	1/4		1/4	1		4	64	E4	4	347
38	36	108	108	1.0		1/2	1/2	3/4	2	1	1/4		1/4	1	1	-2	70	Bb4	4	341
38	36	108	108	1.0		1/2	1/2	3/4	1	1	1/4		1/4	1		-5	73	Db5	5	338
39	37	109	109	1.0		0	0	3/4	3	1	1/4		1/4	1		4	52	E3	3	353
39	37	109	109	1.0		0	0	3/4	4	1	1/4		1/4	1		1	67	G4	4	356
39	37	109	109	1.0		0	0	3/4	2	1	1/4		1/4	1	-1	-2	70	Bb4	4	350
39	37	109	109	2.0		0	0	3/4	1	1	1/2		1/2	1		0	72	C5	5	348
39	37	110	110	1.0		1/4	1/4	3/4	3	1	1/4		1/4	1		-1	53	F3	3	354
39	37	110	110	1.0		1/4	1/4	3/4	4	1	1/4		1/4	1		-1	65	F4	4	357
39	37	110	110	1.0		1/4	1/4	3/4	2	1	1/4		1/4	1		3	69	A4	4	351
39	37	111	111	1.0		1/2	1/2	3/4	4	1	1/4		1/4	1		-5	49	Db3	3	358
39	37	111	111	1.0		1/2	1/2	3/4	3	1	1/4		1/4	1		-1	65	F4	4	355
39	37	111	111	1.0		1/2	1/2	3/4	2	1	1/4		1/4	1		-4	68	Ab4	4	352
39	37	111	111	1.0		1/2	1/2	3/4	1	1	1/4		1/4	1	1	-1	77	F5	5	349
40	38	112	112	1.0		0	0	3/4	4	1	1/4		1/4	1		5	47	B2	2	368
40	38	112	112	1.0		0	0	3/4	3	1	1/4		1/4	1		-4	68	Ab4	4	365
40	38	112	112	1.0		0	0	3/4	2	1	1/4		1/4	1		2	74	D5	5	362
40	38	112	112	1.0		0	0	3/4	1	1	1/4		1/4	1	-1	-1	77	F5	5	359
40	38	113	113	1.0		1/4	1/4	3/4	4	1	1/4		1/4	1		0	48	C3	3	369
40	38	113	113	1.0		1/4	1/4	3/4	3	1	1/4		1/4	1		1	67	G4	4	366
40	38	113	113	1.0		1/4	1/4	3/4	2	1	1/4		1/4	1		0	72	C5	5	363
40	38	113	113	1.0		1/4	1/4	3/4	1	1	1/4		1/4	1		4	76	E5	5	360
40	38	114	114	1.0		1/2	1/2	3/4	4	1	1/4		1/4	1		-4	44	Ab2	2	370
40	38	114	114	1.0		1/2	1/2	3/4	3	1	1/4		1/4	1		6	54	F#3	3	367
40	38	114	114	1.0		1/2	1/2	3/4	2	1	1/4		1/4	1	1	0	72	C5	5	364
40	38	114	114	1.0		1/2	1/2	3/4	1	1	1/4		1/4	1		-3	75	Eb5	5	361
41	39	115	115	1.0		0	0	3/4	4	1	1/4		1/4	1		6	42	F#2	2	379
41	39	115	115	1.0		0	0	3/4	3	1	1/4		1/4	1		3	57	A3	3	376
41	39	115	115	1.0		0	0	3/4	2	1	1/4		1/4	1	-1	0	72	C5	5	373
41	39	115	115	2.0		0	0	3/4	1	1	1/2		1/2	1		2	74	D5	5	371
41	39	116	116	1.0		1/4	1/4	3/4	4	1	1/4		1/4	1		1	43	G2	2	380
41	39	116	116	1.0		1/4	1/4	3/4	3	1	1/4		1/4	1		1	55	G3	3	377
41	39	116	116	1.0		1/4	1/4	3/4	2	1	1/4		1/4	1		5	71	B4	4	374
41	39	117	117	1.0		1/2	1/2	3/4	4	1	1/4		1/4	1		-1	53	F3	3	381
41	39	117	117	1.0		1/2	1/2	3/4	3	1	1/4		1/4	1		2	62	D4	4	378
41	39	117	117	1.0		1/2	1/2	3/4	2	1	1/4		1/4	1		5	71	B4	4	375
41	39	117	117	1.0		1/2	1/2	3/4	1	1	1/4		1/4	1	1	-4	80	Ab5	5	372
42	40	118	118	1.0		0	0	3/4	4	1	1/4		1/4	1		2	50	D3	3	391
42	40	118	118	1.0		0	0	3/4	3	1	1/4		1/4	1		5	59	B3	3	388
42	40	118	118	1.0		0	0	3/4	2	1	1/4		1/4	1		-1	77	F5	5	385
42	40	118	118	1.0		0	0	3/4	1	1	1/4		1/4	1	-1	-4	80	Ab5	5	382
42	40	119	119	1.0		1/4	1/4	3/4	4	1	1/4		1/4	1		-3	51	Eb3	3	392
42	40	119	119	1.0		1/4	1/4	3/4	3	1	1/4		1/4	1		0	60	C4	4	389
42	40	119	119	1.0		1/4	1/4	3/4	2	1	1/4		1/4	1		-3	75	Eb5	5	386
42	40	119	119	1.0		1/4	1/4	3/4	1	1	1/4		1/4	1		1	79	G5	5	383
42	40	120	120	1.0		1/2	1/2	3/4	4	1	1/4		1/4	1		3	45	A2	2	393
42	40	120	120	1.0		1/2	1/2	3/4	3	1	1/4		1/4	1		0	60	C4	4	390
42	40	120	120	1.0		1/2	1/2	3/4	2	1	1/4		1/4	1		-3	75	Eb5	5	387
42	40	120	120	1.0		1/2	1/2	3/4	1	1	1/4		1/4	1		6	78	F#5	5	384
43	41	121	121	1.0		0	0	3/4	4	1	1/4		1/4	1		5	47	B2	2	403
43	41	121	121	1.0		0	0	3/4	3	1	1/4		1/4	1		-4	68	Ab4	4	400
43	41	121	121	1.0		0	0	3/4	2	1	1/4		1/4	1		2	74	D5	5	397
43	41	121	121	1.0		0	0	3/4	1	1	1/4		1/4	1		-1	77	F5	5	394
43	41	122	122	1.0		1/4	1/4	3/4	4	1	1/4		1/4	1		0	48	C3	3	404
43	41	122	122	1.0		1/4	1/4	3/4	3	1	1/4		1/4	1		1	67	G4	4	401
43	41	122	122	1.0		1/4	1/4	3/4	2	1	1/4		1/4	1		0	72	C5	5	398
43	41	122	122	1.0		1/4	1/4	3/4	1	1	1/4		1/4	1		4	76	E5	5	395
43	41	123	123	1.0		1/2	1/2	3/4	4	1	1/4		1/4	1		-4	44	Ab2	2	405
43	41	123	123	1.0		1/2	1/2	3/4	2	1	1/4		1/4	1	1	0	60	C4	4	399
43	41	123	123	1.0		1/2	1/2	3/4	3	1	1/4		1/4	1		6	66	F#4	4	402
43	41	123	123	1.0		1/2	1/2	3/4	1	1	1/4		1/4	1	1	-3	75	Eb5	5	396
44	42	124	124	1.0		0	0	3/4	4	1	1/4		1/4	1		6	42	F#2	2	417
44	42	124	124	0.5		0	0	3/4	2	1	1/8		1/8	1	-1	0	60	C4	4	410
44	42	124	124	1.0		0	0	3/4	3	1	1/4		1/4	1		3	69	A4	4	414
44	42	124	124	0.5		0	0	3/4	1	1	1/8		1/8	1	-1	-3	75	Eb5	5	406
44	42	249/2	249/2	0.5		1/8	1/8	3/4	2	1	1/8		1/8	1		2	62	D4	4	411
44	42	249/2	249/2	0.5		1/8	1/8	3/4	1	1	1/8		1/8	1		2	74	D5	5	407
44	42	125	125	1.0		1/4	1/4	3/4	4	1	1/4		1/4	1		1	43	G2	2	418
44	42	125	125	1.0		1/4	1/4	3/4	2	1	1/4		1/4	1		-3	63	Eb4	4	412
44	42	125	125	1.0		1/4	1/4	3/4	3	1	1/4		1/4	1		1	67	G4	4	415
44	42	125	125	1.0		1/4	1/4	3/4	1	1	1/4		1/4	1		0	72	C5	5	408
44	42	126	126	1.0		1/2	1/2	3/4	4	1	1/4		1/4	1		1	43	G2	2	419
44	42	126	126	1.0		1/2	1/2	3/4	3	1	1/4		1/4	1		2	62	D4	4	416
44	42	126	126	1.0		1/2	1/2	3/4	2	1	1/4		1/4	1		-1	65	F4	4	413
44	42	126	126	1.0		1/2	1/2	3/4	1	1	1/4		1/4	1		5	71	B4	4	409
45	43	127	127	1.0		0	0	3/4	4	1	1/4		1/4	1		0	36	C2	2	425
45	43	127	127	1.0		0	0	3/4	3	1	1/4		1/4	1		0	60	C4	4	423
45	43	127	127	1.0		0	0	3/4	2	1	1/4		1/4	1		-3	63	Eb4	4	421
45	43	127	127	1.0		0	0	3/4	1	1	1/4		1/4	1		0	72	C5	5	420
45	43	128	128	1.0		1/4	1/4	3/4	4	1	1/4		1/4	1		1	55	G3	3	426
45	43	129	129	1.0		1/2	1/2	3/4	4	1	1/4		1/4	1		1	55	G3	3	427
45	43	129	129	1.0		1/2	1/2	3/4	3	1	1/4		1/4	1	1	-3	63	Eb4	4	424
45	43	129	129	1.0		1/2	1/2	3/4	2	1	1/4		1/4	1	1	1	67	G4	4	422
46	44	130	130	1.0		0	0	3/4	4	1	1/4		1/4	1		1	55	G3	3	434
46	44	130	130	1.0		0	0	3/4	3	1	1/4		1/4	1	-1	-3	63	Eb4	4	431
46	44	130	130	1.0		0	0	3/4	2	1	1/4		1/4	1	-1	1	67	G4	4	428
46	44	131	131	1.0		1/4	1/4	3/4	4	1	1/4		1/4	1		1	55	G3	3	435
46	44	131	131	1.0		1/4	1/4	3/4	3	1	1/4		1/4	1		2	62	D4	4	432
46	44	131	131	1.0		1/4	1/4	3/4	2	1	1/4		1/4	1		-1	65	F4	4	429
46	44	132	132	1.0		1/2	1/2	3/4	4	1	1/4		1/4	1		1	55	G3	3	436
46	44	132	132	1.0		1/2	1/2	3/4	3	1	1/4		1/4	1		5	59	B3	3	433
46	44	132	132	1.0		1/2	1/2	3/4	2	1	1/4		1/4	1		2	62	D4	4	430
47	45	133	133	1.0		0	0	3/4	4	1	1/4		1/4	1		0	48	C3	3	444
47	45	133	133	1.0		0	0	3/4	3	1	1/4		1/4	1		0	60	C4	4	442
47	45	133	133	1.0		0	0	3/4	2	1	1/4		1/4	1		-3	63	Eb4	4	440
47	45	133	133	2.0		0	0	3/4	1	2	1/2		1/2	1		1	67	G4	4	439
47	45	133	133	1.0		0	0	3/4	1	1	1/4		1/4	1		-3	75	Eb5	5	437
47	45	134	134	1.0		1/4	1/4	3/4	4	1	1/4		1/4	1		1	43	G2	2	445
47	45	134	134	1.0		1/4	1/4	3/4	3	1	1/4		1/4	1		5	59	B3	3	443
47	45	134	134	1.0		1/4	1/4	3/4	2	1	1/4		1/4	1		2	62	D4	4	441
47	45	134	134	1.0		1/4	1/4	3/4	1	1	1/4		1/4	1		2	74	D5	5	438
48	46	136	136	1.0		0	0	3/4	4	1	1/4		1/4	1		0	48	C3	3	453
48	46	136	136	1.0		0	0	3/4	3	1	1/4		1/4	1		0	60	C4	4	451
48	46	136	136	1.0		0	0	3/4	2	1	1/4		1/4	1		-3	63	Eb4	4	449
48	46	136	136	2.0		0	0	3/4	1	2	1/2		1/2	1		1	67	G4	4	448
48	46	136	136	1.0		0	0	3/4	1	1	1/4		1/4	1		-3	75	Eb5	5	446
48	46	137	137	1.0		1/4	1/4	3/4	4	1	1/4		1/4	1		1	43	G2	2	454
48	46	137	137	1.0		1/4	1/4	3/4	3	1	1/4		1/4	1		5	59	B3	3	452
48	46	137	137	1.0		1/4	1/4	3/4	2	1	1/4		1/4	1		2	62	D4	4	450
48	46	137	137	1.0		1/4	1/4	3/4	1	1	1/4		1/4	1		2	74	D5	5	447
49	47	139	139	1.0		0	0	3/4	4	1	1/4		1/4	1		1	43	G2	2	457
49	47	140	140	1.0		1/4	1/4	3/4	4	1	1/4		1/4	1		1	55	G3	3	458
49	47	141	141	1.0		1/2	1/2	3/4	4	1	1/4		1/4	1		1	55	G3	3	459
49	47	141	141	1.0		1/2	1/2	3/4	3	1	1/4		1/4	1	1	-1	65	F4	4	456
49	47	141	141	1.0		1/2	1/2	3/4	2	1	1/4		1/4	1	1	-4	68	Ab4	4	455
50	48	142	142	1.0		0	0	3/4	4	1	1/4		1/4	1		1	55	G3	3	466
50	48	142	142	1.0		0	0	3/4	3	1	1/4		1/4	1	-1	-1	65	F4	4	463
50	48	142	142	1.0		0	0	3/4	2	1	1/4		1/4	1	-1	-4	68	Ab4	4	460
50	48	143	143	1.0		1/4	1/4	3/4	4	1	1/4		1/4	1		1	55	G3	3	467
50	48	143	143	1.0		1/4	1/4	3/4	3	1	1/4		1/4	1		-3	63	Eb4	4	464
50	48	143	143	1.0		1/4	1/4	3/4	2	1	1/4		1/4	1		1	67	G4	4	461
50	48	144	144	1.0		1/2	1/2	3/4	4	1	1/4		1/4	1		1	55	G3	3	468
50	48	144	144	1.0		1/2	1/2	3/4	3	1	1/4		1/4	1		0	60	C4	4	465
50	48	144	144	1.0		1/2	1/2	3/4	2	1	1/4		1/4	1		-3	63	Eb4	4	462
51	49	145	145	3.0		0	0	3/4	4	1	3/4		1/2	3/2		1	43	G2	2	482
51	49	145	145	3.0		0	0	3/4	2	2	3/4		1/2	3/2		1	55	G3	3	477
51	49	145	145	1.5		0	0	3/4	3	1	3/8		1/4	3/2		5	59	B3	3	478
51	49	145	145	1.5		0	0	3/4	2	1	3/8		1/4	3/2		2	62	D4	4	473
51	49	145	145	1.5		0	0	3/4	1	1	3/8		1/4	3/2		-4	80	Ab5	5	469
51	49	293/2	293/2	0.5		3/8	3/8	3/4	3	1	1/8		1/8	1		2	62	D4	4	479
51	49	293/2	293/2	0.5		3/8	3/8	3/4	2	1	1/8		1/8	1		-1	65	F4	4	474
51	49	293/2	293/2	0.5		3/8	3/8	3/4	1	1	1/8		1/8	1		-1	77	F5	5	470
51	49	147	147	0.5		1/2	1/2	3/4	3	1	1/8		1/8	1		5	59	B3	3	480
51	49	147	147	0.5		1/2	1/2	3/4	2	1	1/8		1/8	1		2	62	D4	4	475
51	49	147	147	0.5		1/2	1/2	3/4	1	1	1/8		1/8	1		2	74	D5	5	471
51	49	295/2	295/2	0.5		5/8	5/8	3/4	3	1	1/8		1/8	1		2	62	D4	4	481
51	49	295/2	295/2	0.5		5/8	5/8	3/4	2	1	1/8		1/8	1		-1	65	F4	4	476
51	49	295/2	295/2	0.5		5/8	5/8	3/4	1	1	1/8		1/8	1		5	71	B4	4	472
52	50		148	1.0	1	0	0	3/4	4	1	1/4		1/4	1		0	48	C3	3	486
52	50		148	1.0	1	0	0	3/4	2	1	1/4		1/4	1		1	55	G3	3	484
52	50		148	1.0	1	0	0	3/4	3	1	1/4		1/4	1		0	60	C4	4	485
52	50		148	1.0	1	0	0	3/4	2	1	1/4		1/4	1		-3	63	Eb4	4	484
52	50		148	1.0	1	0	0	3/4	1	1	1/4		1/4	1		0	72	C5	5	483
53	50	148	150	1.0	2	0	0	3/4	4	1	1/4		1/4	1		0	48	C3	3	490
53	50	148	150	1.0	2	0	0	3/4	2	1	1/4		1/4	1		1	55	G3	3	488
53	50	148	150	1.0	2	0	0	3/4	3	1	1/4		1/4	1		0	60	C4	4	489
53	50	148	150	1.0	2	0	0	3/4	2	1	1/4		1/4	1		-3	63	Eb4	4	488
53	50	148	150	1.0	2	0	0	3/4	1	1	1/4		1/4	1		0	72	C5	5	487
54	51	151	153	3.0		0	0	3/4	4	1	3/4		1/2	3/2	1	-4	44	Ab2	2	503
54	51	151	153	3.0		0	0	3/4	3	1	3/4		1/2	3/2	1	-3	51	Eb3	3	502
54	51	151	153	0.3333333333333333		0	0	3/4	1	1	1/12		1/8	2/3		0	60	C4	4	491
54	51	454/3	460/3	0.3333333333333333		1/12	1/12	3/4	1	1	1/12		1/8	2/3		0	60	C4	4	492
54	51	455/3	461/3	0.3333333333333333		1/6	1/6	3/4	1	1	1/12		1/8	2/3		0	60	C4	4	493
54	51	152	154	0.3333333333333333		1/4	1/4	3/4	1	1	1/12		1/8	2/3		-3	63	Eb4	4	494
54	51	152	154	1.0		1/4	1/4	3/4	2	1	1/4		1/4	1		-3	75	Eb5	5	500
54	51	457/3	463/3	0.3333333333333333		1/3	1/3	3/4	1	1	1/12		1/8	2/3		-3	63	Eb4	4	495
54	51	458/3	464/3	0.3333333333333333		5/12	5/12	3/4	1	1	1/12		1/8	2/3		-3	63	Eb4	4	496
54	51	153	155	0.3333333333333333		1/2	1/2	3/4	1	1	1/12		1/8	2/3		-4	68	Ab4	4	497
54	51	153	155	1.0		1/2	1/2	3/4	2	1	1/4		1/4	1		-3	75	Eb5	5	501
54	51	460/3	466/3	0.3333333333333333		7/12	7/12	3/4	1	1	1/12		1/8	2/3		-4	68	Ab4	4	498
54	51	461/3	467/3	0.3333333333333333		2/3	2/3	3/4	1	1	1/12		1/8	2/3		-4	68	Ab4	4	499
55	52	154	156	3.0		0	0	3/4	4	1	3/4		1/2	3/2	0	-4	44	Ab2	2	517
55	52	154	156	3.0		0	0	3/4	3	1	3/4		1/2	3/2	0	-3	51	Eb3	3	516
55	52	154	156	0.3333333333333333		0	0	3/4	1	1	1/12		1/8	2/3		0	72	C5	5	504
55	52	154	156	1.5		0	0	3/4	2	1	3/8		1/4	3/2		-3	75	Eb5	5	513
55	52	463/3	469/3	0.3333333333333333		1/12	1/12	3/4	1	1	1/12		1/8	2/3		0	72	C5	5	505
55	52	464/3	470/3	0.3333333333333333		1/6	1/6	3/4	1	1	1/12		1/8	2/3		0	72	C5	5	506
55	52	155	157	0.3333333333333333		1/4	1/4	3/4	1	1	1/12		1/8	2/3		-4	68	Ab4	4	507
55	52	466/3	472/3	0.3333333333333333		1/3	1/3	3/4	1	1	1/12		1/8	2/3		-4	68	Ab4	4	508
55	52	311/2	315/2	0.5		3/8	3/8	3/4	2	1	1/8		1/8	1		0	72	C5	5	514
55	52	467/3	473/3	0.3333333333333333		5/12	5/12	3/4	1	1	1/12		1/8	2/3		-4	68	Ab4	4	509
55	52	156	158	0.3333333333333333		1/2	1/2	3/4	1	1	1/12		1/8	2/3		-3	63	Eb4	4	510
55	52	156	158	1.0		1/2	1/2	3/4	2	1	1/4		1/4	1		-4	68	Ab4	4	515
55	52	469/3	475/3	0.3333333333333333		7/12	7/12	3/4	1	1	1/12		1/8	2/3		-3	63	Eb4	4	511
55	52	470/3	476/3	0.3333333333333333		2/3	2/3	3/4	1	1	1/12		1/8	2/3		-3	63	Eb4	4	512
56	53	157	159	1.0		0	0	3/4	4	1	1/4		1/4	1	-1	-4	44	Ab2	2	531
56	53	157	159	1.0		0	0	3/4	3	1	1/4		1/4	1	-1	-3	51	Eb3	3	528
56	53	157	159	0.3333333333333333		0	0	3/4	1	1	1/12		1/8	2/3		0	60	C4	4	518
56	53	157	159	1.0		0	0	3/4	2	1	1/4		1/4	1		-3	63	Eb4	4	527
56	53	472/3	478/3	0.3333333333333333		1/12	1/12	3/4	1	1	1/12		1/8	2/3		0	60	C4	4	519
56	53	473/3	479/3	0.3333333333333333		1/6	1/6	3/4	1	1	1/12		1/8	2/3		0	60	C4	4	520
56	53	158	160	1.0		1/4	1/4	3/4	3	1	1/4		1/4	1		-3	51	Eb3	3	529
56	53	158	160	1.0		1/4	1/4	3/4	4	1	1/4		1/4	1		-3	51	Eb3	3	532
56	53	158	160	0.3333333333333333		1/4	1/4	3/4	1	1	1/12		1/8	2/3		-3	63	Eb4	4	521
56	53	475/3	481/3	0.3333333333333333		1/3	1/3	3/4	1	1	1/12		1/8	2/3		-3	63	Eb4	4	522
56	53	476/3	482/3	0.3333333333333333		5/12	5/12	3/4	1	1	1/12		1/8	2/3		-3	63	Eb4	4	523
56	53	159	161	1.0		1/2	1/2	3/4	3	1	1/4		1/4	1		-3	51	Eb3	3	530
56	53	159	161	1.0		1/2	1/2	3/4	4	1	1/4		1/4	1		-3	51	Eb3	3	533
56	53	159	161	0.3333333333333333		1/2	1/2	3/4	1	1	1/12		1/8	2/3		-4	68	Ab4	4	524
56	53	478/3	484/3	0.3333333333333333		7/12	7/12	3/4	1	1	1/12		1/8	2/3		-4	68	Ab4	4	525
56	53	479/3	485/3	0.3333333333333333		2/3	2/3	3/4	1	1	1/12		1/8	2/3		-4	68	Ab4	4	526
57	54	160	162	1.5		0	0	3/4	3	1	3/8		1/4	3/2		-3	51	Eb3	3	543
57	54	160	162	1.5		0	0	3/4	4	1	3/8		1/4	3/2		-3	51	Eb3	3	546
57	54	160	162	0.3333333333333333		0	0	3/4	1	1	1/12		1/8	2/3		0	72	C5	5	534
57	54	481/3	487/3	0.3333333333333333		1/12	1/12	3/4	1	1	1/12		1/8	2/3		0	72	C5	5	535
57	54	482/3	488/3	0.3333333333333333		1/6	1/6	3/4	1	1	1/12		1/8	2/3		0	72	C5	5	536
57	54	161	163	0.3333333333333333		1/4	1/4	3/4	1	1	1/12		1/8	2/3		-4	68	Ab4	4	537
57	54	484/3	490/3	0.3333333333333333		1/3	1/3	3/4	1	1	1/12		1/8	2/3		-4	68	Ab4	4	538
57	54	323/2	327/2	0.5		3/8	3/8	3/4	4	1	1/8		1/8	1		0	48	C3	3	547
57	54	323/2	327/2	0.5		3/8	3/8	3/4	3	1	1/8		1/8	1		-4	56	Ab3	3	544
57	54	485/3	491/3	0.3333333333333333		5/12	5/12	3/4	1	1	1/12		1/8	2/3		-4	68	Ab4	4	539
57	54	162	164	1.0		1/2	1/2	3/4	4	1	1/4		1/4	1		-4	44	Ab2	2	548
57	54	162	164	1.0		1/2	1/2	3/4	3	1	1/4		1/4	1		0	60	C4	4	545
57	54	162	164	0.3333333333333333		1/2	1/2	3/4	1	1	1/12		1/8	2/3		-3	63	Eb4	4	540
57	54	487/3	493/3	0.3333333333333333		7/12	7/12	3/4	1	1	1/12		1/8	2/3		-3	63	Eb4	4	541
57	54	488/3	494/3	0.3333333333333333		2/3	2/3	3/4	1	1	1/12		1/8	2/3		-3	63	Eb4	4	542
58	55	163	165	3.0		0	0	3/4	4	1	3/4		1/2	3/2	1	1	43	G2	2	561
58	55	163	165	3.0		0	0	3/4	3	1	3/4		1/2	3/2	1	-3	51	Eb3	3	560
58	55	163	165	3.0		0	0	3/4	3	1	3/4		1/2	3/2	1	-2	58	Bb3	3	560
58	55	163	165	0.3333333333333333		0	0	3/4	1	1	1/12		1/8	2/3		-5	61	Db4	4	549
58	55	490/3	496/3	0.3333333333333333		1/12	1/12	3/4	1	1	1/12		1/8	2/3		-5	61	Db4	4	550
58	55	491/3	497/3	0.3333333333333333		1/6	1/6	3/4	1	1	1/12		1/8	2/3		-5	61	Db4	4	551
58	55	164	166	0.3333333333333333		1/4	1/4	3/4	1	1	1/12		1/8	2/3		-3	63	Eb4	4	552
58	55	164	166	1.0		1/4	1/4	3/4	2	1	1/4		1/4	1		-3	75	Eb5	5	558
58	55	493/3	499/3	0.3333333333333333		1/3	1/3	3/4	1	1	1/12		1/8	2/3		-3	63	Eb4	4	553
58	55	494/3	500/3	0.3333333333333333		5/12	5/12	3/4	1	1	1/12		1/8	2/3		-3	63	Eb4	4	554
58	55	165	167	0.3333333333333333		1/2	1/2	3/4	1	1	1/12		1/8	2/3		-2	70	Bb4	4	555
58	55	165	167	1.0		1/2	1/2	3/4	2	1	1/4		1/4	1		-3	75	Eb5	5	559
58	55	496/3	502/3	0.3333333333333333		7/12	7/12	3/4	1	1	1/12		1/8	2/3		-2	70	Bb4	4	556
58	55	497/3	503/3	0.3333333333333333		2/3	2/3	3/4	1	1	1/12		1/8	2/3		-2	70	Bb4	4	557
59	56	166	168	3.0		0	0	3/4	4	1	3/4		1/2	3/2	0	1	43	G2	2	575
59	56	166	168	3.0		0	0	3/4	3	1	3/4		1/2	3/2	0	-3	51	Eb3	3	574
59	56	166	168	3.0		0	0	3/4	3	1	3/4		1/2	3/2	0	-2	58	Bb3	3	574
59	56	166	168	0.3333333333333333		0	0	3/4	1	1	1/12		1/8	2/3		-5	73	Db5	5	562
59	56	166	168	1.5		0	0	3/4	2	1	3/8		1/4	3/2		-3	75	Eb5	5	571
59	56	499/3	505/3	0.3333333333333333		1/12	1/12	3/4	1	1	1/12		1/8	2/3		-5	73	Db5	5	563
59	56	500/3	506/3	0.3333333333333333		1/6	1/6	3/4	1	1	1/12		1/8	2/3		-5	73	Db5	5	564
59	56	167	169	0.3333333333333333		1/4	1/4	3/4	1	1	1/12		1/8	2/3		-2	70	Bb4	4	565
59	56	502/3	508/3	0.3333333333333333		1/3	1/3	3/4	1	1	1/12		1/8	2/3		-2	70	Bb4	4	566
59	56	335/2	339/2	0.5		3/8	3/8	3/4	2	1	1/8		1/8	1		-5	73	Db5	5	572
59	56	503/3	509/3	0.3333333333333333		5/12	5/12	3/4	1	1	1/12		1/8	2/3		-2	70	Bb4	4	567
59	56	168	170	0.3333333333333333		1/2	1/2	3/4	1	1	1/12		1/8	2/3		-3	63	Eb4	4	568
59	56	168	170	1.0		1/2	1/2	3/4	2	1	1/4		1/4	1		-2	70	Bb4	4	573
59	56	505/3	511/3	0.3333333333333333		7/12	7/12	3/4	1	1	1/12		1/8	2/3		-3	63	Eb4	4	569
59	56	506/3	512/3	0.3333333333333333		2/3	2/3	3/4	1	1	1/12		1/8	2/3		-3	63	Eb4	4	570
60	57	169	171	1.0		0	0	3/4	4	1	1/4		1/4	1	-1	1	43	G2	2	589
60	57	169	171	1.0		0	0	3/4	3	1	1/4		1/4	1	-1	-3	51	Eb3	3	586
60	57	169	171	1.0		0	0	3/4	3	1	1/4		1/4	1	-1	-2	58	Bb3	3	586
60	57	169	171	0.3333333333333333		0	0	3/4	1	1	1/12		1/8	2/3		-5	61	Db4	4	576
60	57	169	171	1.0		0	0	3/4	2	1	1/4		1/4	1		-3	63	Eb4	4	585
60	57	508/3	514/3	0.3333333333333333		1/12	1/12	3/4	1	1	1/12		1/8	2/3		-5	61	Db4	4	577
60	57	509/3	515/3	0.3333333333333333		1/6	1/6	3/4	1	1	1/12		1/8	2/3		-5	61	Db4	4	578
60	57	170	172	1.0		1/4	1/4	3/4	3	1	1/4		1/4	1		-3	51	Eb3	3	587
60	57	170	172	1.0		1/4	1/4	3/4	4	1	1/4		1/4	1		-3	51	Eb3	3	590
60	57	170	172	0.3333333333333333		1/4	1/4	3/4	1	1	1/12		1/8	2/3		-5	73	Db5	5	579
60	57	511/3	517/3	0.3333333333333333		1/3	1/3	3/4	1	1	1/12		1/8	2/3		-5	73	Db5	5	580
60	57	512/3	518/3	0.3333333333333333		5/12	5/12	3/4	1	1	1/12		1/8	2/3		-5	73	Db5	5	581
60	57	171	173	1.0		1/2	1/2	3/4	3	1	1/4		1/4	1		-3	51	Eb3	3	588
60	57	171	173	1.0		1/2	1/2	3/4	4	1	1/4		1/4	1		-3	51	Eb3	3	591
60	57	171	173	0.3333333333333333		1/2	1/2	3/4	1	1	1/12		1/8	2/3		-2	70	Bb4	4	582
60	57	514/3	520/3	0.3333333333333333		7/12	7/12	3/4	1	1	1/12		1/8	2/3		-2	70	Bb4	4	583
60	57	515/3	521/3	0.3333333333333333		2/3	2/3	3/4	1	1	1/12		1/8	2/3		-2	70	Bb4	4	584
61	58	172	174	1.5		0	0	3/4	3	1	3/8		1/4	3/2		-3	51	Eb3	3	601
61	58	172	174	1.5		0	0	3/4	4	1	3/8		1/4	3/2		-3	51	Eb3	3	604
61	58	172	174	0.3333333333333333		0	0	3/4	1	1	1/12		1/8	2/3		1	67	G4	4	592
61	58	517/3	523/3	0.3333333333333333		1/12	1/12	3/4	1	1	1/12		1/8	2/3		1	67	G4	4	593
61	58	518/3	524/3	0.3333333333333333		1/6	1/6	3/4	1	1	1/12		1/8	2/3		1	67	G4	4	594
61	58	173	175	0.3333333333333333		1/4	1/4	3/4	1	1	1/12		1/8	2/3		-3	63	Eb4	4	595
61	58	520/3	526/3	0.3333333333333333		1/3	1/3	3/4	1	1	1/12		1/8	2/3		-3	63	Eb4	4	596
61	58	347/2	351/2	0.5		3/8	3/8	3/4	4	1	1/8		1/8	1		-2	46	Bb2	2	605
61	58	347/2	351/2	0.5		3/8	3/8	3/4	3	1	1/8		1/8	1		1	55	G3	3	602
61	58	521/3	527/3	0.3333333333333333		5/12	5/12	3/4	1	1	1/12		1/8	2/3		-3	63	Eb4	4	597
61	58	174	176	1.0		1/2	1/2	3/4	4	1	1/4		1/4	1		1	43	G2	2	606
61	58	174	176	1.0		1/2	1/2	3/4	3	1	1/4		1/4	1		-2	58	Bb3	3	603
61	58	174	176	0.3333333333333333		1/2	1/2	3/4	1	1	1/12		1/8	2/3		-5	61	Db4	4	598
61	58	523/3	529/3	0.3333333333333333		7/12	7/12	3/4	1	1	1/12		1/8	2/3		-5	61	Db4	4	599
61	58	524/3	530/3	0.3333333333333333		2/3	2/3	3/4	1	1	1/12		1/8	2/3		-5	61	Db4	4	600
62	59	175	177	1.0		0	0	3/4	4	1	1/4		1/4	1		-4	44	Ab2	2	619
62	59	175	177	1.0		0	0	3/4	3	1	1/4		1/4	1		-3	51	Eb3	3	618
62	59	175	177	0.3333333333333333		0	0	3/4	1	1	1/12		1/8	2/3		0	60	C4	4	607
62	59	526/3	532/3	0.3333333333333333		1/12	1/12	3/4	1	1	1/12		1/8	2/3		0	60	C4	4	608
62	59	527/3	533/3	0.3333333333333333		1/6	1/6	3/4	1	1	1/12		1/8	2/3		0	60	C4	4	609
62	59	176	178	0.3333333333333333		1/4	1/4	3/4	1	1	1/12		1/8	2/3		-3	63	Eb4	4	610
62	59	176	178	1.0		1/4	1/4	3/4	2	1	1/4		1/4	1		-3	75	Eb5	5	616
62	59	529/3	535/3	0.3333333333333333		1/3	1/3	3/4	1	1	1/12		1/8	2/3		-3	63	Eb4	4	611
62	59	530/3	536/3	0.3333333333333333		5/12	5/12	3/4	1	1	1/12		1/8	2/3		-3	63	Eb4	4	612
62	59	177	179	0.3333333333333333		1/2	1/2	3/4	1	1	1/12		1/8	2/3		-4	68	Ab4	4	613
62	59	177	179	1.0		1/2	1/2	3/4	2	1	1/4		1/4	1		-3	75	Eb5	5	617
62	59	532/3	538/3	0.3333333333333333		7/12	7/12	3/4	1	1	1/12		1/8	2/3		-4	68	Ab4	4	614
62	59	533/3	539/3	0.3333333333333333		2/3	2/3	3/4	1	1	1/12		1/8	2/3		-4	68	Ab4	4	615
63	60	178	180	0.3333333333333333		0	0	3/4	1	1	1/12		1/8	2/3		0	72	C5	5	620
63	60	178	180	1.5		0	0	3/4	2	1	3/8		1/4	3/2		-3	75	Eb5	5	629
63	60	535/3	541/3	0.3333333333333333		1/12	1/12	3/4	1	1	1/12		1/8	2/3		0	72	C5	5	621
63	60	536/3	542/3	0.3333333333333333		1/6	1/6	3/4	1	1	1/12		1/8	2/3		0	72	C5	5	622
63	60	179	181	1.0		1/4	1/4	3/4	3	1	1/4		1/4	1		0	48	C3	3	632
63	60	179	181	0.3333333333333333		1/4	1/4	3/4	1	1	1/12		1/8	2/3		-3	75	Eb5	5	623
63	60	538/3	544/3	0.3333333333333333		1/3	1/3	3/4	1	1	1/12		1/8	2/3		-3	75	Eb5	5	624
63	60	359/2	363/2	0.5		3/8	3/8	3/4	2	1	1/8		1/8	1		0	72	C5	5	630
63	60	539/3	545/3	0.3333333333333333		5/12	5/12	3/4	1	1	1/12		1/8	2/3		-3	75	Eb5	5	625
63	60	180	182	1.0		1/2	1/2	3/4	3	1	1/4		1/4	1		0	48	C3	3	633
63	60	180	182	1.0		1/2	1/2	3/4	2	1	1/4		1/4	1		-4	68	Ab4	4	631
63	60	180	182	0.3333333333333333		1/2	1/2	3/4	1	1	1/12		1/8	2/3		-4	80	Ab5	5	626
63	60	541/3	547/3	0.3333333333333333		7/12	7/12	3/4	1	1	1/12		1/8	2/3		-4	80	Ab5	5	627
63	60	542/3	548/3	0.3333333333333333		2/3	2/3	3/4	1	1	1/12		1/8	2/3		-4	80	Ab5	5	628
64	61	181	183	1.0		0	0	3/4	4	1	1/4		1/4	1		-1	41	F2	2	648
64	61	181	183	1.5		0	0	3/4	3	1	3/8		1/4	3/2		-4	56	Ab3	3	645
64	61	181	183	0.3333333333333333		0	0	3/4	1	1	1/12		1/8	2/3		2	62	D4	4	634
64	61	544/3	550/3	0.3333333333333333		1/12	1/12	3/4	1	1	1/12		1/8	2/3		2	62	D4	4	635
64	61	545/3	551/3	0.3333333333333333		1/6	1/6	3/4	1	1	1/12		1/8	2/3		2	62	D4	4	636
64	61	182	184	0.3333333333333333		1/4	1/4	3/4	1	1	1/12		1/8	2/3		-1	65	F4	4	637
64	61	182	184	1.0		1/4	1/4	3/4	2	1	1/4		1/4	1		-4	80	Ab5	5	643
64	61	547/3	553/3	0.3333333333333333		1/3	1/3	3/4	1	1	1/12		1/8	2/3		-1	65	F4	4	638
64	61	365/2	369/2	0.5		3/8	3/8	3/4	3	1	1/8		1/8	1		-1	53	F3	3	646
64	61	548/3	554/3	0.3333333333333333		5/12	5/12	3/4	1	1	1/12		1/8	2/3		-1	65	F4	4	639
64	61	183	185	1.0		1/2	1/2	3/4	3	1	1/4		1/4	1		2	50	D3	3	647
64	61	183	185	0.3333333333333333		1/2	1/2	3/4	1	1	1/12		1/8	2/3		-4	68	Ab4	4	640
64	61	183	185	1.0		1/2	1/2	3/4	2	1	1/4		1/4	1		-4	80	Ab5	5	644
64	61	550/3	556/3	0.3333333333333333		7/12	7/12	3/4	1	1	1/12		1/8	2/3		-4	68	Ab4	4	641
64	61	551/3	557/3	0.3333333333333333		2/3	2/3	3/4	1	1	1/12		1/8	2/3		-4	68	Ab4	4	642
65	62	184	186	0.3333333333333333		0	0	3/4	1	1	1/12		1/8	2/3		-2	70	Bb4	4	649
65	62	184	186	1.5		0	0	3/4	2	1	3/8		1/4	3/2		-4	80	Ab5	5	658
65	62	553/3	559/3	0.3333333333333333		1/12	1/12	3/4	1	1	1/12		1/8	2/3		-2	70	Bb4	4	650
65	62	554/3	560/3	0.3333333333333333		1/6	1/6	3/4	1	1	1/12		1/8	2/3		-2	70	Bb4	4	651
65	62	185	187	1.0		1/4	1/4	3/4	3	1	1/4		1/4	1		-4	68	Ab4	4	661
65	62	185	187	0.3333333333333333		1/4	1/4	3/4	1	1	1/12		1/8	2/3		2	74	D5	5	652
65	62	556/3	562/3	0.3333333333333333		1/3	1/3	3/4	1	1	1/12		1/8	2/3		2	74	D5	5	653
65	62	371/2	375/2	0.5		3/8	3/8	3/4	2	1	1/8		1/8	1		-1	77	F5	5	659
65	62	557/3	563/3	0.3333333333333333		5/12	5/12	3/4	1	1	1/12		1/8	2/3		2	74	D5	5	654
65	62	186	188	1.0		1/2	1/2	3/4	3	1	1/4		1/4	1		-4	68	Ab4	4	662
65	62	186	188	1.0		1/2	1/2	3/4	2	1	1/4		1/4	1		2	74	D5	5	660
65	62	186	188	0.3333333333333333		1/2	1/2	3/4	1	1	1/12		1/8	2/3		-1	77	F5	5	655
65	62	559/3	565/3	0.3333333333333333		7/12	7/12	3/4	1	1	1/12		1/8	2/3		-1	77	F5	5	656
65	62	560/3	566/3	0.3333333333333333		2/3	2/3	3/4	1	1	1/12		1/8	2/3		-1	77	F5	5	657
66	63	187	189	1.0		0	0	3/4	4	1	1/4		1/4	1		2	38	D2	2	677
66	63	187	189	1.5		0	0	3/4	3	1	3/8		1/4	3/2		-4	68	Ab4	4	674
66	63	187	189	0.3333333333333333		0	0	3/4	1	1	1/12		1/8	2/3		-2	82	Bb5	5	663
66	63	562/3	568/3	0.3333333333333333		1/12	1/12	3/4	1	1	1/12		1/8	2/3		-2	82	Bb5	5	664
66	63	563/3	569/3	0.3333333333333333		1/6	1/6	3/4	1	1	1/12		1/8	2/3		-2	82	Bb5	5	665
66	63	188	190	1.0		1/4	1/4	3/4	2	1	1/4		1/4	1		-4	80	Ab5	5	672
66	63	188	190	0.3333333333333333		1/4	1/4	3/4	1	1	1/12		1/8	2/3		2	86	D6	6	666
66	63	565/3	571/3	0.3333333333333333		1/3	1/3	3/4	1	1	1/12		1/8	2/3		2	86	D6	6	667
66	63	377/2	381/2	0.5		3/8	3/8	3/4	3	1	1/8		1/8	1		-1	65	F4	4	675
66	63	566/3	572/3	0.3333333333333333		5/12	5/12	3/4	1	1	1/12		1/8	2/3		2	86	D6	6	668
66	63	189	191	1.0		1/2	1/2	3/4	3	1	1/4		1/4	1		2	62	D4	4	676
66	63	189	191	1.0		1/2	1/2	3/4	2	1	1/4		1/4	1		-4	80	Ab5	5	673
66	63	189	191	0.3333333333333333		1/2	1/2	3/4	1	1	1/12		1/8	2/3		-1	89	F6	6	669
66	63	568/3	574/3	0.3333333333333333		7/12	7/12	3/4	1	1	1/12		1/8	2/3		-1	89	F6	6	670
66	63	569/3	575/3	0.3333333333333333		2/3	2/3	3/4	1	1	1/12		1/8	2/3		-1	89	F6	6	671
67	64	190	192	1.5		0	0	3/4	4	1	3/8		1/4	3/2		2	50	D3	3	693
67	64	190	192	1.5		0	0	3/4	3	1	3/8		1/4	3/2		-1	53	F3	3	690
67	64	190	192	1.5		0	0	3/4	2	1	3/8		1/4	3/2		-4	80	Ab5	5	687
67	64	190	192	0.3333333333333333		0	0	3/4	1	1	1/12		1/8	2/3		-1	89	F6	6	678
67	64	571/3	577/3	0.3333333333333333		1/12	1/12	3/4	1	1	1/12		1/8	2/3		-1	89	F6	6	679
67	64	572/3	578/3	0.3333333333333333		1/6	1/6	3/4	1	1	1/12		1/8	2/3		-1	89	F6	6	680
67	64	191	193	0.3333333333333333		1/4	1/4	3/4	1	1	1/12		1/8	2/3		-1	89	F6	6	681
67	64	574/3	580/3	0.3333333333333333		1/3	1/3	3/4	1	1	1/12		1/8	2/3		-1	89	F6	6	682
67	64	383/2	387/2	0.5		3/8	3/8	3/4	4	1	1/8		1/8	1		-1	53	F3	3	694
67	64	383/2	387/2	0.5		3/8	3/8	3/4	3	1	1/8		1/8	1		-2	58	Bb3	3	691
67	64	383/2	387/2	0.5		3/8	3/8	3/4	2	1	1/8		1/8	1		-1	77	F5	5	688
67	64	575/3	581/3	0.3333333333333333		5/12	5/12	3/4	1	1	1/12		1/8	2/3		-1	89	F6	6	683
67	64	192	194	1.0		1/2	1/2	3/4	4	1	1/4		1/4	1		-2	58	Bb3	3	695
67	64	192	194	1.0		1/2	1/2	3/4	3	1	1/4		1/4	1		2	62	D4	4	692
67	64	192	194	1.0		1/2	1/2	3/4	2	1	1/4		1/4	1		2	74	D5	5	689
67	64	192	194	0.3333333333333333		1/2	1/2	3/4	1	1	1/12		1/8	2/3		-1	89	F6	6	684
67	64	577/3	583/3	0.3333333333333333		7/12	7/12	3/4	1	1	1/12		1/8	2/3		-1	89	F6	6	685
67	64	578/3	584/3	0.3333333333333333		2/3	2/3	3/4	1	1	1/12		1/8	2/3		-1	89	F6	6	686
68	65	193	195	3.0		0	0	3/4	4	1	3/4		1/2	3/2		2	62	D4	4	699
68	65	193	195	3.0		0	0	3/4	3	1	3/4		1/2	3/2		-1	65	F4	4	698
68	65	193	195	3.0		0	0	3/4	2	1	3/4		1/2	3/2		-2	70	Bb4	4	697
68	65	193	195	3.0		0	0	3/4	1	1	3/4		1/2	3/2		-1	89	F6	6	696
69	66	393/2	397/2	0.5		1/8	1/8	3/4	1	1	1/8		1/8	1		-4	80	Ab5	5	700
69	66	197	199	0.5		1/4	1/4	3/4	1	1	1/8		1/8	1		1	79	G5	5	701
69	66	395/2	399/2	0.5		3/8	3/8	3/4	1	1	1/8		1/8	1		-1	77	F5	5	702
69	66	198	200	1.0		1/2	1/2	3/4	4	1	1/4		1/4	1		-4	56	Ab3	3	707
69	66	198	200	1.0		1/2	1/2	3/4	3	1	1/4		1/4	1	1	-2	58	Bb3	3	706
69	66	198	200	1.0		1/2	1/2	3/4	2	1	1/4		1/4	1		-1	65	F4	4	705
69	66	198	200	0.5		1/2	1/2	3/4	1	1	1/8		1/8	1		-3	75	Eb5	5	703
69	66	397/2	401/2	0.5		5/8	5/8	3/4	1	1	1/8		1/8	1		2	74	D5	5	704
70	67	199	201	1.0		0	0	3/4	4	1	1/4		1/4	1		1	55	G3	3	713
70	67	199	201	1.0		0	0	3/4	3	1	1/4		1/4	1	-1	-2	58	Bb3	3	712
70	67	199	201	1.0		0	0	3/4	2	1	1/4		1/4	1		-3	63	Eb4	4	711
70	67	199	201	1.5		0	0	3/4	1	1	3/8		1/4	3/2		-3	75	Eb5	5	708
70	67	401/2	405/2	0.5		3/8	3/8	3/4	1	1	1/8		1/8	1		-2	70	Bb4	4	709
70	67	201	203	1.0		1/2	1/2	3/4	1	1	1/4		1/4	1		1	67	G4	4	710
71	68	202	204	1.0		0	0	3/4	4	1	1/4		1/4	1		-4	56	Ab3	3	719
71	68	202	204	1.0		0	0	3/4	3	1	1/4		1/4	1		0	60	C4	4	718
71	68	202	204	1.0		0	0	3/4	2	1	1/4		1/4	1		-3	63	Eb4	4	717
71	68	202	204	1.5		0	0	3/4	1	1	3/8		1/4	3/2		0	72	C5	5	714
71	68	407/2	411/2	0.5		3/8	3/8	3/4	1	1	1/8		1/8	1		-4	68	Ab4	4	715
71	68	204	206	1.0		1/2	1/2	3/4	1	1	1/4		1/4	1		-1	65	F4	4	716
72	69	205	207	2.0		0	0	3/4	1	1	1/2		1/2	1		-3	63	Eb4	4	720
72	69	206	208	1.0		1/4	1/4	3/4	3	1	1/4		1/4	1		1	55	G3	3	729
72	69	206	208	1.0		1/4	1/4	3/4	2	1	1/4		1/4	1		-2	58	Bb3	3	727
72	69	206	208	1.0		1/4	1/4	3/4	4	1	1/4		1/4	1		-2	58	Bb3	3	731
72	69	207	209	0.0		1/2	1/2	3/4	1	1	0	grace16	1/16	1		-1	65	F4	4	721
72	69	207	209	0.0		1/2	1/2	3/4	1	1	0	grace16	1/16	1		-3	63	Eb4	4	722
72	69	207	209	0.0		1/2	1/2	3/4	1	1	0	grace16	1/16	1		2	62	D4	4	723
72	69	207	209	0.0		1/2	1/2	3/4	1	1	0	grace16	1/16	1		-3	63	Eb4	4	724
72	69	207	209	1.0		1/2	1/2	3/4	4	1	1/4		1/4	1		-2	46	Bb2	2	732
72	69	207	209	1.0		1/2	1/2	3/4	3	1	1/4		1/4	1		-4	56	Ab3	3	730
72	69	207	209	1.0		1/2	1/2	3/4	2	1	1/4		1/4	1		2	62	D4	4	728
72	69	207	209	0.5		1/2	1/2	3/4	1	1	1/8		1/8	1		1	67	G4	4	725
72	69	415/2	419/2	0.5		5/8	5/8	3/4	1	1	1/8		1/8	1		-1	65	F4	4	726
73	70	208	210	1.0		0	0	3/4	4	1	1/4		1/4	1		-3	51	Eb3	3	736
73	70	208	210	1.0		0	0	3/4	3	1	1/4		1/4	1		1	55	G3	3	735
73	70	208	210	1.0		0	0	3/4	1	1	1/4		1/4	1		-3	63	Eb4	4	733
73	70	208	210	1.0		0	0	3/4	2	1	1/4		1/4	1		-3	63	Eb4	4	734
74	71	211	213	3.0		0	0	3/4	4	1	3/4		1/2	3/2	1	-3	39	Eb2	2	749
74	71	211	213	3.0		0	0	3/4	4	1	3/4		1/2	3/2	1	-2	46	Bb2	2	749
74	71	211	213	0.3333333333333333		0	0	3/4	1	1	1/12		1/8	2/3		1	55	G3	3	737
74	71	211	213	3.0		0	0	3/4	3	1	3/4		1/2	3/2	1	1	55	G3	3	748
74	71	634/3	640/3	0.3333333333333333		1/12	1/12	3/4	1	1	1/12		1/8	2/3		1	55	G3	3	738
74	71	635/3	641/3	0.3333333333333333		1/6	1/6	3/4	1	1	1/12		1/8	2/3		1	55	G3	3	739
74	71	212	214	0.3333333333333333		1/4	1/4	3/4	1	1	1/12		1/8	2/3		-2	58	Bb3	3	740
74	71	212	214	1.0		1/4	1/4	3/4	2	1	1/4		1/4	1		-2	70	Bb4	4	746
74	71	637/3	643/3	0.3333333333333333		1/3	1/3	3/4	1	1	1/12		1/8	2/3		-2	58	Bb3	3	741
74	71	638/3	644/3	0.3333333333333333		5/12	5/12	3/4	1	1	1/12		1/8	2/3		-2	58	Bb3	3	742
74	71	213	215	0.3333333333333333		1/2	1/2	3/4	1	1	1/12		1/8	2/3		-3	63	Eb4	4	743
74	71	213	215	1.0		1/2	1/2	3/4	2	1	1/4		1/4	1		-2	70	Bb4	4	747
74	71	640/3	646/3	0.3333333333333333		7/12	7/12	3/4	1	1	1/12		1/8	2/3		-3	63	Eb4	4	744
74	71	641/3	647/3	0.3333333333333333		2/3	2/3	3/4	1	1	1/12		1/8	2/3		-3	63	Eb4	4	745
75	72	214	216	3.0		0	0	3/4	4	1	3/4		1/2	3/2	0	-3	39	Eb2	2	763
75	72	214	216	3.0		0	0	3/4	4	1	3/4		1/2	3/2	0	-2	46	Bb2	2	763
75	72	214	216	3.0		0	0	3/4	3	1	3/4		1/2	3/2	0	1	55	G3	3	762
75	72	214	216	0.3333333333333333		0	0	3/4	1	1	1/12		1/8	2/3		1	67	G4	4	750
75	72	214	216	1.5		0	0	3/4	2	1	3/8		1/4	3/2		-2	70	Bb4	4	759
75	72	643/3	649/3	0.3333333333333333		1/12	1/12	3/4	1	1	1/12		1/8	2/3		1	67	G4	4	751
75	72	644/3	650/3	0.3333333333333333		1/6	1/6	3/4	1	1	1/12		1/8	2/3		1	67	G4	4	752
75	72	215	217	0.3333333333333333		1/4	1/4	3/4	1	1	1/12		1/8	2/3		-3	63	Eb4	4	753
75	72	646/3	652/3	0.3333333333333333		1/3	1/3	3/4	1	1	1/12		1/8	2/3		-3	63	Eb4	4	754
75	72	431/2	435/2	0.5		3/8	3/8	3/4	2	1	1/8		1/8	1		1	67	G4	4	760
75	72	647/3	653/3	0.3333333333333333		5/12	5/12	3/4	1	1	1/12		1/8	2/3		-3	63	Eb4	4	755
75	72	216	218	0.3333333333333333		1/2	1/2	3/4	1	1	1/12		1/8	2/3		-2	58	Bb3	3	756
75	72	216	218	1.0		1/2	1/2	3/4	2	1	1/4		1/4	1		-3	63	Eb4	4	761
75	72	649/3	655/3	0.3333333333333333		7/12	7/12	3/4	1	1	1/12		1/8	2/3		-2	58	Bb3	3	757
75	72	650/3	656/3	0.3333333333333333		2/3	2/3	3/4	1	1	1/12		1/8	2/3		-2	58	Bb3	3	758
76	73	217	219	1.0		0	0	3/4	4	1	1/4		1/4	1	-1	-3	39	Eb2	2	777
76	73	217	219	1.0		0	0	3/4	4	1	1/4		1/4	1	-1	-2	46	Bb2	2	777
76	73	217	219	0.3333333333333333		0	0	3/4	1	1	1/12		1/8	2/3		1	55	G3	3	764
76	73	217	219	1.0		0	0	3/4	3	1	1/4		1/4	1	-1	1	55	G3	3	774
76	73	217	219	1.0		0	0	3/4	2	1	1/4		1/4	1		-2	58	Bb3	3	773
76	73	652/3	658/3	0.3333333333333333		1/12	1/12	3/4	1	1	1/12		1/8	2/3		1	55	G3	3	765
76	73	653/3	659/3	0.3333333333333333		1/6	1/6	3/4	1	1	1/12		1/8	2/3		1	55	G3	3	766
76	73	218	220	1.0		1/4	1/4	3/4	4	1	1/4		1/4	1		-2	46	Bb2	2	778
76	73	218	220	0.3333333333333333		1/4	1/4	3/4	1	1	1/12		1/8	2/3		-2	58	Bb3	3	767
76	73	218	220	1.0		1/4	1/4	3/4	3	1	1/4		1/4	1		-2	58	Bb3	3	775
76	73	655/3	661/3	0.3333333333333333		1/3	1/3	3/4	1	1	1/12		1/8	2/3		-2	58	Bb3	3	768
76	73	656/3	662/3	0.3333333333333333		5/12	5/12	3/4	1	1	1/12		1/8	2/3		-2	58	Bb3	3	769
76	73	219	221	1.0		1/2	1/2	3/4	4	1	1/4		1/4	1		-2	46	Bb2	2	779
76	73	219	221	1.0		1/2	1/2	3/4	3	1	1/4		1/4	1		-2	58	Bb3	3	776
76	73	219	221	0.3333333333333333		1/2	1/2	3/4	1	1	1/12		1/8	2/3		-3	63	Eb4	4	770
76	73	658/3	664/3	0.3333333333333333		7/12	7/12	3/4	1	1	1/12		1/8	2/3		-3	63	Eb4	4	771
76	73	659/3	665/3	0.3333333333333333		2/3	2/3	3/4	1	1	1/12		1/8	2/3		-3	63	Eb4	4	772
77	74	220	222	1.5		0	0	3/4	4	1	3/8		1/4	3/2		-2	46	Bb2	2	792
77	74	220	222	1.5		0	0	3/4	3	1	3/8		1/4	3/2		-2	58	Bb3	3	789
77	74	220	222	0.3333333333333333		0	0	3/4	1	1	1/12		1/8	2/3		1	67	G4	4	780
77	74	661/3	667/3	0.3333333333333333		1/12	1/12	3/4	1	1	1/12		1/8	2/3		1	67	G4	4	781
77	74	662/3	668/3	0.3333333333333333		1/6	1/6	3/4	1	1	1/12		1/8	2/3		1	67	G4	4	782
77	74	221	223	0.3333333333333333		1/4	1/4	3/4	1	1	1/12		1/8	2/3		-3	63	Eb4	4	783
77	74	664/3	670/3	0.3333333333333333		1/3	1/3	3/4	1	1	1/12		1/8	2/3		-3	63	Eb4	4	784
77	74	443/2	447/2	0.5		3/8	3/8	3/4	4	1	1/8		1/8	1		1	43	G2	2	793
77	74	443/2	447/2	0.5		3/8	3/8	3/4	3	1	1/8		1/8	1		-3	63	Eb4	4	790
77	74	665/3	671/3	0.3333333333333333		5/12	5/12	3/4	1	1	1/12		1/8	2/3		-3	63	Eb4	4	785
77	74	222	224	1.0		1/2	1/2	3/4	4	1	1/4		1/4	1		-3	39	Eb2	2	794
77	74	222	224	0.3333333333333333		1/2	1/2	3/4	1	1	1/12		1/8	2/3		-2	58	Bb3	3	786
77	74	222	224	1.0		1/2	1/2	3/4	3	1	1/4		1/4	1		1	67	G4	4	791
77	74	667/3	673/3	0.3333333333333333		7/12	7/12	3/4	1	1	1/12		1/8	2/3		-2	58	Bb3	3	787
77	74	668/3	674/3	0.3333333333333333		2/3	2/3	3/4	1	1	1/12		1/8	2/3		-2	58	Bb3	3	788
78	75	223	225	3.0		0	0	3/4	4	1	3/4		1/2	3/2	1	2	38	D2	2	807
78	75	223	225	3.0		0	0	3/4	4	1	3/4		1/2	3/2	1	-2	46	Bb2	2	807
78	75	223	225	0.3333333333333333		0	0	3/4	1	1	1/12		1/8	2/3		-4	56	Ab3	3	795
78	75	223	225	1.0		0	0	3/4	3	1	1/4		1/4	1		-4	68	Ab4	4	806
78	75	670/3	676/3	0.3333333333333333		1/12	1/12	3/4	1	1	1/12		1/8	2/3		-4	56	Ab3	3	796
78	75	671/3	677/3	0.3333333333333333		1/6	1/6	3/4	1	1	1/12		1/8	2/3		-4	56	Ab3	3	797
78	75	224	226	0.3333333333333333		1/4	1/4	3/4	1	1	1/12		1/8	2/3		-2	58	Bb3	3	798
78	75	224	226	1.0		1/4	1/4	3/4	2	1	1/4		1/4	1		-2	70	Bb4	4	804
78	75	673/3	679/3	0.3333333333333333		1/3	1/3	3/4	1	1	1/12		1/8	2/3		-2	58	Bb3	3	799
78	75	674/3	680/3	0.3333333333333333		5/12	5/12	3/4	1	1	1/12		1/8	2/3		-2	58	Bb3	3	800
78	75	225	227	0.3333333333333333		1/2	1/2	3/4	1	1	1/12		1/8	2/3		-1	65	F4	4	801
78	75	225	227	1.0		1/2	1/2	3/4	2	1	1/4		1/4	1		-2	70	Bb4	4	805
78	75	676/3	682/3	0.3333333333333333		7/12	7/12	3/4	1	1	1/12		1/8	2/3		-1	65	F4	4	802
78	75	677/3	683/3	0.3333333333333333		2/3	2/3	3/4	1	1	1/12		1/8	2/3		-1	65	F4	4	803
79	76	226	228	3.0		0	0	3/4	4	1	3/4		1/2	3/2	0	2	38	D2	2	821
79	76	226	228	3.0		0	0	3/4	4	1	3/4		1/2	3/2	0	-2	46	Bb2	2	821
79	76	226	228	3.0		0	0	3/4	3	1	3/4		1/2	3/2	1	-1	53	F3	3	820
79	76	226	228	0.3333333333333333		0	0	3/4	1	1	1/12		1/8	2/3		-4	68	Ab4	4	808
79	76	226	228	1.5		0	0	3/4	2	1	3/8		1/4	3/2		-2	70	Bb4	4	817
79	76	679/3	685/3	0.3333333333333333		1/12	1/12	3/4	1	1	1/12		1/8	2/3		-4	68	Ab4	4	809
79	76	680/3	686/3	0.3333333333333333		1/6	1/6	3/4	1	1	1/12		1/8	2/3		-4	68	Ab4	4	810
79	76	227	229	0.3333333333333333		1/4	1/4	3/4	1	1	1/12		1/8	2/3		-1	65	F4	4	811
79	76	682/3	688/3	0.3333333333333333		1/3	1/3	3/4	1	1	1/12		1/8	2/3		-1	65	F4	4	812
79	76	455/2	459/2	0.5		3/8	3/8	3/4	2	1	1/8		1/8	1		-4	68	Ab4	4	818
79	76	683/3	689/3	0.3333333333333333		5/12	5/12	3/4	1	1	1/12		1/8	2/3		-1	65	F4	4	813
79	76	228	230	0.3333333333333333		1/2	1/2	3/4	1	1	1/12		1/8	2/3		-2	58	Bb3	3	814
79	76	228	230	1.0		1/2	1/2	3/4	2	1	1/4		1/4	1		-1	65	F4	4	819
79	76	685/3	691/3	0.3333333333333333		7/12	7/12	3/4	1	1	1/12		1/8	2/3		-2	58	Bb3	3	815
79	76	686/3	692/3	0.3333333333333333		2/3	2/3	3/4	1	1	1/12		1/8	2/3		-2	58	Bb3	3	816
80	77	229	231	1.0		0	0	3/4	4	1	1/4		1/4	1	-1	2	38	D2	2	835
80	77	229	231	1.0		0	0	3/4	4	1	1/4		1/4	1	-1	-2	46	Bb2	2	835
80	77	229	231	1.0		0	0	3/4	3	1	1/4		1/4	1	-1	-1	53	F3	3	832
80	77	229	231	0.3333333333333333		0	0	3/4	1	1	1/12		1/8	2/3		-4	56	Ab3	3	822
80	77	229	231	1.0		0	0	3/4	2	1	1/4		1/4	1		-2	58	Bb3	3	831
80	77	688/3	694/3	0.3333333333333333		1/12	1/12	3/4	1	1	1/12		1/8	2/3		-4	56	Ab3	3	823
80	77	689/3	695/3	0.3333333333333333		1/6	1/6	3/4	1	1	1/12		1/8	2/3		-4	56	Ab3	3	824
80	77	230	232	1.0		1/4	1/4	3/4	4	1	1/4		1/4	1		-2	46	Bb2	2	836
80	77	230	232	1.0		1/4	1/4	3/4	3	1	1/4		1/4	1		-2	58	Bb3	3	833
80	77	230	232	0.3333333333333333		1/4	1/4	3/4	1	1	1/12		1/8	2/3		-4	68	Ab4	4	825
80	77	691/3	697/3	0.3333333333333333		1/3	1/3	3/4	1	1	1/12		1/8	2/3		-4	68	Ab4	4	826
80	77	692/3	698/3	0.3333333333333333		5/12	5/12	3/4	1	1	1/12		1/8	2/3		-4	68	Ab4	4	827
80	77	231	233	1.0		1/2	1/2	3/4	4	1	1/4		1/4	1		-2	46	Bb2	2	837
80	77	231	233	1.0		1/2	1/2	3/4	3	1	1/4		1/4	1		-2	58	Bb3	3	834
80	77	231	233	0.3333333333333333		1/2	1/2	3/4	1	1	1/12		1/8	2/3		-1	65	F4	4	828
80	77	694/3	700/3	0.3333333333333333		7/12	7/12	3/4	1	1	1/12		1/8	2/3		-1	65	F4	4	829
80	77	695/3	701/3	0.3333333333333333		2/3	2/3	3/4	1	1	1/12		1/8	2/3		-1	65	F4	4	830
81	78	232	234	1.5		0	0	3/4	4	1	3/8		1/4	3/2		-2	46	Bb2	2	850
81	78	232	234	1.5		0	0	3/4	3	1	3/8		1/4	3/2		-2	58	Bb3	3	847
81	78	232	234	0.3333333333333333		0	0	3/4	1	1	1/12		1/8	2/3		2	62	D4	4	838
81	78	697/3	703/3	0.3333333333333333		1/12	1/12	3/4	1	1	1/12		1/8	2/3		2	62	D4	4	839
81	78	698/3	704/3	0.3333333333333333		1/6	1/6	3/4	1	1	1/12		1/8	2/3		2	62	D4	4	840
81	78	233	235	0.3333333333333333		1/4	1/4	3/4	1	1	1/12		1/8	2/3		-2	58	Bb3	3	841
81	78	700/3	706/3	0.3333333333333333		1/3	1/3	3/4	1	1	1/12		1/8	2/3		-2	58	Bb3	3	842
81	78	467/2	471/2	0.5		3/8	3/8	3/4	4	1	1/8		1/8	1		-1	41	F2	2	851
81	78	467/2	471/2	0.5		3/8	3/8	3/4	3	1	1/8		1/8	1		2	62	D4	4	848
81	78	701/3	707/3	0.3333333333333333		5/12	5/12	3/4	1	1	1/12		1/8	2/3		-2	58	Bb3	3	843
81	78	234	236	1.0		1/2	1/2	3/4	4	1	1/4		1/4	1		2	38	D2	2	852
81	78	234	236	0.3333333333333333		1/2	1/2	3/4	1	1	1/12		1/8	2/3		-4	56	Ab3	3	844
81	78	234	236	1.0		1/2	1/2	3/4	3	1	1/4		1/4	1		-1	65	F4	4	849
81	78	703/3	709/3	0.3333333333333333		7/12	7/12	3/4	1	1	1/12		1/8	2/3		-4	56	Ab3	3	845
81	78	704/3	710/3	0.3333333333333333		2/3	2/3	3/4	1	1	1/12		1/8	2/3		-4	56	Ab3	3	846
82	79	235	237	1.0		0	0	3/4	4	1	1/4		1/4	1		-5	37	Db2	2	865
82	79	235	237	0.3333333333333333		0	0	3/4	1	1	1/12		1/8	2/3		1	55	G3	3	853
82	79	235	237	1.0		0	0	3/4	3	1	1/4		1/4	1		1	67	G4	4	864
82	79	706/3	712/3	0.3333333333333333		1/12	1/12	3/4	1	1	1/12		1/8	2/3		1	55	G3	3	854
82	79	707/3	713/3	0.3333333333333333		1/6	1/6	3/4	1	1	1/12		1/8	2/3		1	55	G3	3	855
82	79	236	238	0.3333333333333333		1/4	1/4	3/4	1	1	1/12		1/8	2/3		-2	58	Bb3	3	856
82	79	236	238	1.0		1/4	1/4	3/4	2	1	1/4		1/4	1		-2	70	Bb4	4	862
82	79	709/3	715/3	0.3333333333333333		1/3	1/3	3/4	1	1	1/12		1/8	2/3		-2	58	Bb3	3	857
82	79	710/3	716/3	0.3333333333333333		5/12	5/12	3/4	1	1	1/12		1/8	2/3		-2	58	Bb3	3	858
82	79	237	239	0.3333333333333333		1/2	1/2	3/4	1	1	1/12		1/8	2/3		-3	63	Eb4	4	859
82	79	237	239	1.0		1/2	1/2	3/4	2	1	1/4		1/4	1		-2	70	Bb4	4	863
82	79	712/3	718/3	0.3333333333333333		7/12	7/12	3/4	1	1	1/12		1/8	2/3		-3	63	Eb4	4	860
82	79	713/3	719/3	0.3333333333333333		2/3	2/3	3/4	1	1	1/12		1/8	2/3		-3	63	Eb4	4	861
83	80	238	240	0.3333333333333333		0	0	3/4	1	1	1/12		1/8	2/3		1	67	G4	4	866
83	80	238	240	1.5		0	0	3/4	2	1	3/8		1/4	3/2		-2	70	Bb4	4	875
83	80	715/3	721/3	0.3333333333333333		1/12	1/12	3/4	1	1	1/12		1/8	2/3		1	67	G4	4	867
83	80	716/3	722/3	0.3333333333333333		1/6	1/6	3/4	1	1	1/12		1/8	2/3		1	67	G4	4	868
83	80	239	241	1.0		1/4	1/4	3/4	4	1	1/4		1/4	1		-5	49	Db3	3	880
83	80	239	241	1.0		1/4	1/4	3/4	3	1	1/4		1/4	1		-3	51	Eb3	3	878
83	80	239	241	0.3333333333333333		1/4	1/4	3/4	1	1	1/12		1/8	2/3		-2	70	Bb4	4	869
83	80	718/3	724/3	0.3333333333333333		1/3	1/3	3/4	1	1	1/12		1/8	2/3		-2	70	Bb4	4	870
83	80	479/2	483/2	0.5		3/8	3/8	3/4	2	1	1/8		1/8	1		1	67	G4	4	876
83	80	719/3	725/3	0.3333333333333333		5/12	5/12	3/4	1	1	1/12		1/8	2/3		-2	70	Bb4	4	871
83	80	240	242	1.0		1/2	1/2	3/4	4	1	1/4		1/4	1		-5	49	Db3	3	881
83	80	240	242	1.0		1/2	1/2	3/4	3	1	1/4		1/4	1		-3	51	Eb3	3	879
83	80	240	242	1.0		1/2	1/2	3/4	2	1	1/4		1/4	1		-3	63	Eb4	4	877
83	80	240	242	0.3333333333333333		1/2	1/2	3/4	1	1	1/12		1/8	2/3		-3	75	Eb5	5	872
83	80	721/3	727/3	0.3333333333333333		7/12	7/12	3/4	1	1	1/12		1/8	2/3		-3	75	Eb5	5	873
83	80	722/3	728/3	0.3333333333333333		2/3	2/3	3/4	1	1	1/12		1/8	2/3		-3	75	Eb5	5	874
84	81	241	243	1.0		0	0	3/4	4	1	1/4		1/4	1		0	48	C3	3	896
84	81	241	243	1.5		0	0	3/4	3	1	3/8		1/4	3/2		-3	51	Eb3	3	893
84	81	241	243	0.3333333333333333		0	0	3/4	1	1	1/12		1/8	2/3		-4	56	Ab3	3	882
84	81	724/3	730/3	0.3333333333333333		1/12	1/12	3/4	1	1	1/12		1/8	2/3		-4	56	Ab3	3	883
84	81	725/3	731/3	0.3333333333333333		1/6	1/6	3/4	1	1	1/12		1/8	2/3		-4	56	Ab3	3	884
84	81	242	244	0.3333333333333333		1/4	1/4	3/4	1	1	1/12		1/8	2/3		0	60	C4	4	885
84	81	242	244	1.0		1/4	1/4	3/4	2	1	1/4		1/4	1		0	72	C5	5	891
84	81	727/3	733/3	0.3333333333333333		1/3	1/3	3/4	1	1	1/12		1/8	2/3		0	60	C4	4	886
84	81	485/2	489/2	0.5		3/8	3/8	3/4	3	1	1/8		1/8	1		-4	56	Ab3	3	894
84	81	728/3	734/3	0.3333333333333333		5/12	5/12	3/4	1	1	1/12		1/8	2/3		0	60	C4	4	887
84	81	243	245	1.0		1/2	1/2	3/4	3	1	1/4		1/4	1		0	60	C4	4	895
84	81	243	245	0.3333333333333333		1/2	1/2	3/4	1	1	1/12		1/8	2/3		-3	63	Eb4	4	888
84	81	243	245	1.0		1/2	1/2	3/4	2	1	1/4		1/4	1		0	72	C5	5	892
84	81	730/3	736/3	0.3333333333333333		7/12	7/12	3/4	1	1	1/12		1/8	2/3		-3	63	Eb4	4	889
84	81	731/3	737/3	0.3333333333333333		2/3	2/3	3/4	1	1	1/12		1/8	2/3		-3	63	Eb4	4	890
85	82	244	246	0.3333333333333333		0	0	3/4	1	1	1/12		1/8	2/3		-4	68	Ab4	4	897
85	82	244	246	1.5		0	0	3/4	2	1	3/8		1/4	3/2		0	72	C5	5	906
85	82	733/3	739/3	0.3333333333333333		1/12	1/12	3/4	1	1	1/12		1/8	2/3		-4	68	Ab4	4	898
85	82	734/3	740/3	0.3333333333333333		1/6	1/6	3/4	1	1	1/12		1/8	2/3		-4	68	Ab4	4	899
85	82	245	247	1.0		1/4	1/4	3/4	4	1	1/4		1/4	1		0	48	C3	3	911
85	82	245	247	1.0		1/4	1/4	3/4	3	1	1/4		1/4	1		-3	51	Eb3	3	909
85	82	245	247	0.3333333333333333		1/4	1/4	3/4	1	1	1/12		1/8	2/3		0	72	C5	5	900
85	82	736/3	742/3	0.3333333333333333		1/3	1/3	3/4	1	1	1/12		1/8	2/3		0	72	C5	5	901
85	82	491/2	495/2	0.5		3/8	3/8	3/4	2	1	1/8		1/8	1		-4	68	Ab4	4	907
85	82	737/3	743/3	0.3333333333333333		5/12	5/12	3/4	1	1	1/12		1/8	2/3		0	72	C5	5	902
85	82	246	248	1.0		1/2	1/2	3/4	4	1	1/4		1/4	1		0	48	C3	3	912
85	82	246	248	1.0		1/2	1/2	3/4	3	1	1/4		1/4	1		-3	51	Eb3	3	910
85	82	246	248	1.0		1/2	1/2	3/4	2	1	1/4		1/4	1		-3	63	Eb4	4	908
85	82	246	248	0.3333333333333333		1/2	1/2	3/4	1	1	1/12		1/8	2/3		-3	75	Eb5	5	903
85	82	739/3	745/3	0.3333333333333333		7/12	7/12	3/4	1	1	1/12		1/8	2/3		-3	75	Eb5	5	904
85	82	740/3	746/3	0.3333333333333333		2/3	2/3	3/4	1	1	1/12		1/8	2/3		-3	75	Eb5	5	905
86	83	247	249	1.0		0	0	3/4	4	1	1/4		1/4	1		1	43	G2	2	927
86	83	247	249	1.5		0	0	3/4	3	1	3/8		1/4	3/2		-3	51	Eb3	3	924
86	83	247	249	0.3333333333333333		0	0	3/4	1	1	1/12		1/8	2/3		-2	58	Bb3	3	913
86	83	742/3	748/3	0.3333333333333333		1/12	1/12	3/4	1	1	1/12		1/8	2/3		-2	58	Bb3	3	914
86	83	743/3	749/3	0.3333333333333333		1/6	1/6	3/4	1	1	1/12		1/8	2/3		-2	58	Bb3	3	915
86	83	248	250	0.3333333333333333		1/4	1/4	3/4	1	1	1/12		1/8	2/3		-3	63	Eb4	4	916
86	83	248	250	1.0		1/4	1/4	3/4	2	1	1/4		1/4	1		-5	73	Db5	5	922
86	83	745/3	751/3	0.3333333333333333		1/3	1/3	3/4	1	1	1/12		1/8	2/3		-3	63	Eb4	4	917
86	83	497/2	501/2	0.5		3/8	3/8	3/4	3	1	1/8		1/8	1		-2	58	Bb3	3	925
86	83	746/3	752/3	0.3333333333333333		5/12	5/12	3/4	1	1	1/12		1/8	2/3		-3	63	Eb4	4	918
86	83	249	251	1.0		1/2	1/2	3/4	3	1	1/4		1/4	1		-5	61	Db4	4	926
86	83	249	251	0.3333333333333333		1/2	1/2	3/4	1	1	1/12		1/8	2/3		1	67	G4	4	919
86	83	249	251	1.0		1/2	1/2	3/4	2	1	1/4		1/4	1		-5	73	Db5	5	923
86	83	748/3	754/3	0.3333333333333333		7/12	7/12	3/4	1	1	1/12		1/8	2/3		1	67	G4	4	920
86	83	749/3	755/3	0.3333333333333333		2/3	2/3	3/4	1	1	1/12		1/8	2/3		1	67	G4	4	921
87	84	250	252	0.3333333333333333		0	0	3/4	1	1	1/12		1/8	2/3		-2	70	Bb4	4	928
87	84	250	252	1.5		0	0	3/4	2	1	3/8		1/4	3/2		-5	73	Db5	5	937
87	84	751/3	757/3	0.3333333333333333		1/12	1/12	3/4	1	1	1/12		1/8	2/3		-2	70	Bb4	4	929
87	84	752/3	758/3	0.3333333333333333		1/6	1/6	3/4	1	1	1/12		1/8	2/3		-2	70	Bb4	4	930
87	84	251	253	0.3333333333333333		1/4	1/4	3/4	1	1	1/12		1/8	2/3		-3	75	Eb5	5	931
87	84	754/3	760/3	0.3333333333333333		1/3	1/3	3/4	1	1	1/12		1/8	2/3		-3	75	Eb5	5	932
87	84	503/2	507/2	0.5		3/8	3/8	3/4	2	1	1/8		1/8	1		-2	70	Bb4	4	938
87	84	755/3	761/3	0.3333333333333333		5/12	5/12	3/4	1	1	1/12		1/8	2/3		-3	75	Eb5	5	933
87	84	252	254	1.0		1/2	1/2	3/4	2	1	1/4		1/4	1		1	67	G4	4	939
87	84	252	254	0.3333333333333333		1/2	1/2	3/4	1	1	1/12		1/8	2/3		1	79	G5	5	934
87	84	757/3	763/3	0.3333333333333333		7/12	7/12	3/4	1	1	1/12		1/8	2/3		1	79	G5	5	935
87	84	758/3	764/3	0.3333333333333333		2/3	2/3	3/4	1	1	1/12		1/8	2/3		1	79	G5	5	936
88	85	253	255	1.5		0	0	3/4	2	1	3/8		1/4	3/2		1	79	G5	5	949
88	85	253	255	0.3333333333333333		0	0	3/4	1	1	1/12		1/8	2/3		-2	82	Bb5	5	940
88	85	760/3	766/3	0.3333333333333333		1/12	1/12	3/4	1	1	1/12		1/8	2/3		-2	82	Bb5	5	941
88	85	761/3	767/3	0.3333333333333333		1/6	1/6	3/4	1	1	1/12		1/8	2/3		-2	82	Bb5	5	942
88	85	254	256	0.3333333333333333		1/4	1/4	3/4	1	1	1/12		1/8	2/3		-3	87	Eb6	6	943
88	85	763/3	769/3	0.3333333333333333		1/3	1/3	3/4	1	1	1/12		1/8	2/3		-3	87	Eb6	6	944
88	85	509/2	513/2	0.5		3/8	3/8	3/4	2	1	1/8		1/8	1		-5	73	Db5	5	950
88	85	764/3	770/3	0.3333333333333333		5/12	5/12	3/4	1	1	1/12		1/8	2/3		-3	87	Eb6	6	945
88	85	255	257	1.0		1/2	1/2	3/4	2	1	1/4		1/4	1		-2	70	Bb4	4	951
88	85	255	257	0.3333333333333333		1/2	1/2	3/4	1	1	1/12		1/8	2/3		1	91	G6	6	946
88	85	766/3	772/3	0.3333333333333333		7/12	7/12	3/4	1	1	1/12		1/8	2/3		1	91	G6	6	947
88	85	767/3	773/3	0.3333333333333333		2/3	2/3	3/4	1	1	1/12		1/8	2/3		1	91	G6	6	948
89	86	256	258	1.5		0	0	3/4	4	1	3/8		1/4	3/2		1	55	G3	3	967
89	86	256	258	1.5		0	0	3/4	3	1	3/8		1/4	3/2		-2	58	Bb3	3	964
89	86	256	258	0.3333333333333333		0	0	3/4	1	1	1/12		1/8	2/3		-2	82	Bb5	5	952
89	86	256	258	1.5		0	0	3/4	2	1	3/8		1/4	3/2		-2	82	Bb5	5	961
89	86	769/3	775/3	0.3333333333333333		1/12	1/12	3/4	1	1	1/12		1/8	2/3		-2	82	Bb5	5	953
89	86	770/3	776/3	0.3333333333333333		1/6	1/6	3/4	1	1	1/12		1/8	2/3		-2	82	Bb5	5	954
89	86	257	259	0.3333333333333333		1/4	1/4	3/4	1	1	1/12		1/8	2/3		-5	85	Db6	6	955
89	86	772/3	778/3	0.3333333333333333		1/3	1/3	3/4	1	1	1/12		1/8	2/3		-5	85	Db6	6	956
89	86	515/2	519/2	0.5		3/8	3/8	3/4	4	1	1/8		1/8	1		-2	58	Bb3	3	968
89	86	515/2	519/2	0.5		3/8	3/8	3/4	3	1	1/8		1/8	1		-3	63	Eb4	4	965
89	86	515/2	519/2	0.5		3/8	3/8	3/4	2	1	1/8		1/8	1		1	79	G5	5	962
89	86	773/3	779/3	0.3333333333333333		5/12	5/12	3/4	1	1	1/12		1/8	2/3		-5	85	Db6	6	957
89	86	258	260	1.0		1/2	1/2	3/4	4	1	1/4		1/4	1		-3	63	Eb4	4	969
89	86	258	260	1.0		1/2	1/2	3/4	3	1	1/4		1/4	1		1	67	G4	4	966
89	86	258	260	1.0		1/2	1/2	3/4	2	1	1/4		1/4	1		-3	75	Eb5	5	963
89	86	258	260	0.3333333333333333		1/2	1/2	3/4	1	1	1/12		1/8	2/3		-5	85	Db6	6	958
89	86	775/3	781/3	0.3333333333333333		7/12	7/12	3/4	1	1	1/12		1/8	2/3		-5	85	Db6	6	959
89	86	776/3	782/3	0.3333333333333333		2/3	2/3	3/4	1	1	1/12		1/8	2/3		-5	85	Db6	6	960
90	87	259	261	3.0		0	0	3/4	4	1	3/4		1/2	3/2		1	67	G4	4	973
90	87	259	261	3.0		0	0	3/4	3	1	3/4		1/2	3/2		-2	70	Bb4	4	972
90	87	259	261	3.0		0	0	3/4	2	1	3/4		1/2	3/2		-3	75	Eb5	5	971
90	87	259	261	3.0		0	0	3/4	1	1	3/4		1/2	3/2		-5	85	Db6	6	970
91	88	525/2	529/2	0.5		1/8	1/8	3/4	1	1	1/8		1/8	1		-5	85	Db6	6	974
91	88	263	265	0.5		1/4	1/4	3/4	1	1	1/8		1/8	1		0	84	C6	6	975
91	88	527/2	531/2	0.5		3/8	3/8	3/4	1	1	1/8		1/8	1		-2	82	Bb5	5	976
91	88	264	266	1.0		1/2	1/2	3/4	4	1	1/4		1/4	1		-5	61	Db4	4	981
91	88	264	266	1.0		1/2	1/2	3/4	3	1	1/4		1/4	1	1	-3	63	Eb4	4	980
91	88	264	266	1.0		1/2	1/2	3/4	2	1	1/4		1/4	1		-2	70	Bb4	4	979
91	88	264	266	0.5		1/2	1/2	3/4	1	1	1/8		1/8	1		-4	80	Ab5	5	977
91	88	529/2	533/2	0.5		5/8	5/8	3/4	1	1	1/8		1/8	1		1	79	G5	5	978
92	89	265	267	1.0		0	0	3/4	4	1	1/4		1/4	1		0	60	C4	4	987
92	89	265	267	1.0		0	0	3/4	3	1	1/4		1/4	1	-1	-3	63	Eb4	4	986
92	89	265	267	1.0		0	0	3/4	2	1	1/4		1/4	1		-4	68	Ab4	4	985
92	89	265	267	1.5		0	0	3/4	1	1	3/8		1/4	3/2		-4	80	Ab5	5	982
92	89	533/2	537/2	0.5		3/8	3/8	3/4	1	1	1/8		1/8	1		-3	75	Eb5	5	983
92	89	267	269	1.0		1/2	1/2	3/4	1	1	1/4		1/4	1		0	72	C5	5	984
93	90	268	270	1.0		0	0	3/4	4	1	1/4		1/4	1		-5	61	Db4	4	993
93	90	268	270	1.0		0	0	3/4	3	1	1/4		1/4	1		-1	65	F4	4	992
93	90	268	270	1.0		0	0	3/4	2	1	1/4		1/4	1		-4	68	Ab4	4	991
93	90	268	270	1.5		0	0	3/4	1	1	3/8		1/4	3/2		-1	77	F5	5	988
93	90	539/2	543/2	0.5		3/8	3/8	3/4	1	1	1/8		1/8	1		-5	73	Db5	5	989
93	90	270	272	1.0		1/2	1/2	3/4	1	1	1/4		1/4	1		-2	70	Bb4	4	990
94	91	271	273	2.0		0	0	3/4	1	1	1/2		1/2	1		-4	68	Ab4	4	994
94	91	272	274	1.0		1/4	1/4	3/4	4	1	1/4		1/4	1		-3	51	Eb3	3	1005
94	91	272	274	1.0		1/4	1/4	3/4	3	1	1/4		1/4	1		0	60	C4	4	1003
94	91	272	274	1.0		1/4	1/4	3/4	2	1	1/4		1/4	1		-3	63	Eb4	4	1001
94	91	273	275	0.0		1/2	1/2	3/4	1	1	0	grace16	1/16	1		-2	70	Bb4	4	995
94	91	273	275	0.0		1/2	1/2	3/4	1	1	0	grace16	1/16	1		-4	68	Ab4	4	996
94	91	273	275	0.0		1/2	1/2	3/4	1	1	0	grace16	1/16	1		1	67	G4	4	997
94	91	273	275	0.0		1/2	1/2	3/4	1	1	0	grace16	1/16	1		-4	68	Ab4	4	998
94	91	273	275	1.0		1/2	1/2	3/4	4	1	1/4		1/4	1		-3	51	Eb3	3	1006
94	91	273	275	1.0		1/2	1/2	3/4	3	1	1/4		1/4	1		-5	61	Db4	4	1004
94	91	273	275	1.0		1/2	1/2	3/4	2	1	1/4		1/4	1		1	67	G4	4	1002
94	91	273	275	0.5		1/2	1/2	3/4	1	1	1/8		1/8	1		0	72	C5	5	999
94	91	547/2	551/2	0.5		5/8	5/8	3/4	1	1	1/8		1/8	1		-2	70	Bb4	4	1000
95	92	274	276	1.0		0	0	3/4	4	1	1/4		1/4	1		-4	56	Ab3	3	1010
95	92	274	276	1.0		0	0	3/4	3	1	1/4		1/4	1		0	60	C4	4	1009
95	92	274	276	1.0		0	0	3/4	1	1	1/4		1/4	1		-4	68	Ab4	4	1007
95	92	274	276	1.0		0	0	3/4	2	1	1/4		1/4	1		-4	68	Ab4	4	1008
96	93	277	279	2.0		0	0	3/4	1	1	1/2		1/2	1		-4	56	Ab3	3	1011
96	93	278	280	1.0		1/4	1/4	3/4	4	1	1/4		1/4	1		-3	39	Eb2	2	1022
96	93	278	280	1.0		1/4	1/4	3/4	3	1	1/4		1/4	1		0	48	C3	3	1020
96	93	278	280	1.0		1/4	1/4	3/4	2	1	1/4		1/4	1		-4	56	Ab3	3	1018
96	93	279	281	0.0		1/2	1/2	3/4	1	1	0	grace16	1/16	1		-2	58	Bb3	3	1012
96	93	279	281	0.0		1/2	1/2	3/4	1	1	0	grace16	1/16	1		-4	56	Ab3	3	1013
96	93	279	281	0.0		1/2	1/2	3/4	1	1	0	grace16	1/16	1		1	55	G3	3	1014
96	93	279	281	0.0		1/2	1/2	3/4	1	1	0	grace16	1/16	1		-4	56	Ab3	3	1015
96	93	279	281	1.0		1/2	1/2	3/4	4	1	1/4		1/4	1		4	40	E2	2	1023
96	93	279	281	1.0		1/2	1/2	3/4	3	1	1/4		1/4	1		-5	49	Db3	3	1021
96	93	279	281	1.0		1/2	1/2	3/4	2	1	1/4		1/4	1		1	55	G3	3	1019
96	93	279	281	0.5		1/2	1/2	3/4	1	1	1/8		1/8	1		0	60	C4	4	1016
96	93	559/2	563/2	0.5		5/8	5/8	3/4	1	1	1/8		1/8	1		-2	58	Bb3	3	1017
97	94	280	282	1.0		0	0	3/4	4	1	1/4		1/4	1		-1	41	F2	2	1027
97	94	280	282	1.0		0	0	3/4	3	1	1/4		1/4	1		0	48	C3	3	1026
97	94	280	282	1.0		0	0	3/4	1	1	1/4		1/4	1		-4	56	Ab3	3	1024
97	94	280	282	1.0		0	0	3/4	2	1	1/4		1/4	1		-4	56	Ab3	3	1025
98	95	283	285	1.0		0	0	3/4	4	1	1/4		1/4	1		-1	53	F3	3	1031
98	95	283	285	1.0		0	0	3/4	3	1	1/4		1/4	1		-4	56	Ab3	3	1030
98	95	283	285	1.0		0	0	3/4	2	1	1/4		1/4	1		2	62	D4	4	1029
98	95	283	285	1.0		0	0	3/4	1	1	1/4		1/4	1		-1	65	F4	4	1028
99	96	286	288	1.0		0	0	3/4	4	1	1/4		1/4	1		6	54	F#3	3	1035
99	96	286	288	1.0		0	0	3/4	3	1	1/4		1/4	1		3	57	A3	3	1034
99	96	286	288	1.0		0	0	3/4	2	1	1/4		1/4	1		0	60	C4	4	1033
99	96	286	288	1.0		0	0	3/4	1	1	1/4		1/4	1		-3	63	Eb4	4	1032
100	97	289	291	1.0		0	0	3/4	4	1	1/4		1/4	1		1	55	G3	3	1039
100	97	289	291	1.0		0	0	3/4	2	1	1/4		1/4	1		5	59	B3	3	1037
100	97	289	291	1.0		0	0	3/4	3	1	1/4		1/4	1		5	59	B3	3	1038
100	97	289	291	1.0		0	0	3/4	1	1	1/4		1/4	1		2	62	D4	4	1036
