mc	mn	quarterbeats	quarterbeats_all_endings	duration_qb	mc_onset	mn_onset	timesig	staff	voice	duration	nominal_duration	scalar	tied	tpc	midi	name	octave	chord_id
1	1	0	0	3.0	0	0	6/8	3	1	3/4	1/2	3/2	1	-1	53	F3	3	1
1	1	3/2	3/2	1.5	3/8	3/8	6/8	2	1	3/8	1/4	3/2	1	-4	56	Ab3	3	0
2	2	3	3	1.5	0	0	6/8	3	1	3/8	1/4	3/2	0	-1	53	F3	3	6
2	2	3	3	1.5	0	0	6/8	2	1	3/8	1/4	3/2	0	-4	56	Ab3	3	4
2	2	3	3	1.5	0	0	6/8	1	1	3/8	1/4	3/2	1	-5	61	Db4	4	2
2	2	9/2	9/2	1.5	3/8	3/8	6/8	4	1	3/8	1/4	3/2		-5	37	Db2	2	8
2	2	9/2	9/2	1.5	3/8	3/8	6/8	4	1	3/8	1/4	3/2		-5	49	Db3	3	8
2	2	9/2	9/2	1.5	3/8	3/8	6/8	3	1	3/8	1/4	3/2	-1	-1	53	F3	3	7
2	2	9/2	9/2	1.5	3/8	3/8	6/8	2	1	3/8	1/4	3/2	-1	-4	56	Ab3	3	5
2	2	9/2	9/2	1.5	3/8	3/8	6/8	1	1	3/8	1/4	3/2	-1	-5	61	Db4	4	3
2	2	9/2	9/2	1.5	3/8	3/8	6/8	1	1	3/8	1/4	3/2		-1	65	F4	4	3
3	3	6	6	1.5	0	0	6/8	4	1	3/8	1/4	3/2		-5	37	Db2	2	18
3	3	6	6	3.0	0	0	6/8	4	2	3/4	1/2	3/2		-4	44	Ab2	2	20
3	3	6	6	1.5	0	0	6/8	3	1	3/8	1/4	3/2		-1	53	F3	3	16
3	3	6	6	3.0	0	0	6/8	2	1	3/4	1/2	3/2	1	-4	56	Ab3	3	15
3	3	6	6	0.5	0	0	6/8	1	1	1/8	1/8	1		-5	61	Db4	4	9
3	3	13/2	13/2	0.5	1/8	1/8	6/8	1	1	1/8	1/8	1		0	60	C4	4	10
3	3	7	7	0.5	1/4	1/4	6/8	1	1	1/8	1/8	1		-2	58	Bb3	3	11
3	3	15/2	15/2	1.5	3/8	3/8	6/8	4	1	3/8	1/4	3/2		-3	39	Eb2	2	19
3	3	15/2	15/2	1.5	3/8	3/8	6/8	3	1	3/8	1/4	3/2		-6	54	Gb3	3	17
3	3	15/2	15/2	0.5	3/8	3/8	6/8	1	1	1/8	1/8	1		-4	56	Ab3	3	12
3	3	8	8	0.5	1/2	1/2	6/8	1	1	1/8	1/8	1		-2	58	Bb3	3	13
3	3	17/2	17/2	0.5	5/8	5/8	6/8	1	1	1/8	1/8	1		0	60	C4	4	14
4	4	9	9	1.5	0	0	6/8	4	1	3/8	1/4	3/2		-5	37	Db2	2	28
4	4	9	9	3.0	0	0	6/8	4	2	3/4	1/2	3/2		-4	44	Ab2	2	30
4	4	9	9	1.5	0	0	6/8	3	1	3/8	1/4	3/2		-1	53	F3	3	26
4	4	9	9	3.0	0	0	6/8	2	1	3/4	1/2	3/2	-1	-4	56	Ab3	3	25
4	4	9	9	0.5	0	0	6/8	1	1	1/8	1/8	1		-5	61	Db4	4	21
4	4	19/2	19/2	0.5	1/8	1/8	6/8	1	1	1/8	1/8	1		-3	63	Eb4	4	22
4	4	10	10	0.5	1/4	1/4	6/8	1	1	1/8	1/8	1		-1	65	F4	4	23
4	4	21/2	21/2	1.5	3/8	3/8	6/8	4	1	3/8	1/4	3/2		0	36	C2	2	29
4	4	21/2	21/2	1.5	3/8	3/8	6/8	3	1	3/8	1/4	3/2		-6	54	Gb3	3	27
4	4	21/2	21/2	1.5	3/8	3/8	6/8	1	1	3/8	1/4	3/2		-3	63	Eb4	4	24
5	5	12	12	1.5	0	0	6/8	4	1	3/8	1/4	3/2		-5	37	Db2	2	40
5	5	12	12	3.0	0	0	6/8	4	2	3/4	1/2	3/2		-4	44	Ab2	2	42
5	5	12	12	1.5	0	0	6/8	3	1	3/8	1/4	3/2		-1	53	F3	3	38
5	5	12	12	3.0	0	0	6/8	2	1	3/4	1/2	3/2	1	-4	56	Ab3	3	37
5	5	12	12	0.5	0	0	6/8	1	1	1/8	1/8	1		-5	61	Db4	4	31
5	5	25/2	25/2	0.5	1/8	1/8	6/8	1	1	1/8	1/8	1		0	60	C4	4	32
5	5	13	13	0.5	1/4	1/4	6/8	1	1	1/8	1/8	1		-2	58	Bb3	3	33
5	5	27/2	27/2	1.5	3/8	3/8	6/8	4	1	3/8	1/4	3/2		-3	39	Eb2	2	41
5	5	27/2	27/2	1.5	3/8	3/8	6/8	3	1	3/8	1/4	3/2		-6	54	Gb3	3	39
5	5	27/2	27/2	0.5	3/8	3/8	6/8	1	1	1/8	1/8	1		-4	56	Ab3	3	34
5	5	14	14	0.5	1/2	1/2	6/8	1	1	1/8	1/8	1		-2	58	Bb3	3	35
5	5	29/2	29/2	0.5	5/8	5/8	6/8	1	1	1/8	1/8	1		0	60	C4	4	36
6	6	15	15	1.5	0	0	6/8	4	1	3/8	1/4	3/2		-5	37	Db2	2	56
6	6	15	15	1.5	0	0	6/8	4	1	3/8	1/4	3/2		-4	44	Ab2	2	56
6	6	15	15	1.0	0	0	6/8	3	1	1/4	1/4	1		-1	53	F3	3	52
6	6	15	15	1.5	0	0	6/8	2	1	3/8	1/4	3/2	-1	-4	56	Ab3	3	48
6	6	15	15	0.5	0	0	6/8	1	1	1/8	1/8	1		-5	61	Db4	4	43
6	6	31/2	31/2	0.5	1/8	1/8	6/8	1	1	1/8	1/8	1		-3	63	Eb4	4	44
6	6	16	16	0.5	1/4	1/4	6/8	3	1	1/8	1/8	1		-5	49	Db3	3	53
6	6	16	16	0.5	1/4	1/4	6/8	1	1	1/8	1/8	1		-1	65	F4	4	45
6	6	33/2	33/2	1.0	3/8	3/8	6/8	4	1	1/4	1/4	1		-4	44	Ab2	2	57
6	6	33/2	33/2	1.0	3/8	3/8	6/8	3	1	1/4	1/4	1		0	48	C3	3	54
6	6	33/2	33/2	0.5	3/8	3/8	6/8	2	1	1/8	1/8	1		-4	56	Ab3	3	49
6	6	33/2	33/2	0.5	3/8	3/8	6/8	1	1	1/8	1/8	1		-1	65	F4	4	46
6	6	17	17	0.5	1/2	1/2	6/8	2	1	1/8	1/8	1		0	60	C4	4	50
6	6	17	17	1.0	1/2	1/2	6/8	1	1	1/4	1/4	1		-3	63	Eb4	4	47
6	6	35/2	35/2	0.5	5/8	5/8	6/8	4	1	1/8	1/8	1		-6	42	Gb2	2	58
6	6	35/2	35/2	0.5	5/8	5/8	6/8	3	1	1/8	1/8	1	1	-3	51	Eb3	3	55
6	6	35/2	35/2	0.5	5/8	5/8	6/8	2	1	1/8	1/8	1		-2	58	Bb3	3	51
7	7	18	18	1.5	0	0	6/8	4	1	3/8	1/4	3/2		-1	41	F2	2	69
7	7	18	18	1.0	0	0	6/8	3	1	1/4	1/4	1	-1	-3	51	Eb3	3	66
7	7	18	18	1.5	0	0	6/8	2	1	3/8	1/4	3/2		3	57	A3	3	64
7	7	18	18	1.0	0	0	6/8	1	1	1/4	1/4	1		-1	65	F4	4	59
7	7	19	19	0.5	1/4	1/4	6/8	3	1	1/8	1/8	1		0	48	C3	3	67
7	7	19	19	0.5	1/4	1/4	6/8	1	1	1/8	1/8	1		-1	65	F4	4	60
7	7	39/2	39/2	1.5	3/8	3/8	6/8	4	1	3/8	1/4	3/2		-2	46	Bb2	2	70
7	7	39/2	39/2	1.5	3/8	3/8	6/8	3	1	3/8	1/4	3/2		-5	49	Db3	3	68
7	7	39/2	39/2	1.5	3/8	3/8	6/8	2	1	3/8	1/4	3/2		-2	58	Bb3	3	65
7	7	39/2	39/2	0.5	3/8	3/8	6/8	1	1	1/8	1/8	1		-1	65	F4	4	61
7	7	20	20	0.5	1/2	1/2	6/8	1	1	1/8	1/8	1		-5	61	Db4	4	62
7	7	41/2	41/2	0.5	5/8	5/8	6/8	1	1	1/8	1/8	1		-2	58	Bb3	3	63
8	8	21	21	1.5	0	0	6/8	4	1	3/8	1/4	3/2		2	38	D2	2	81
8	8	21	21	1.0	0	0	6/8	3	1	1/4	1/4	1		2	50	D3	3	78
8	8	21	21	1.5	0	0	6/8	2	1	3/8	1/4	3/2		-1	65	F4	4	76
8	8	21	21	1.0	0	0	6/8	1	1	1/4	1/4	1		-2	70	Bb4	4	71
8	8	22	22	0.5	1/4	1/4	6/8	3	1	1/8	1/8	1		-1	53	F3	3	79
8	8	22	22	0.5	1/4	1/4	6/8	1	1	1/8	1/8	1		-2	70	Bb4	4	72
8	8	45/2	45/2	1.5	3/8	3/8	6/8	4	1	3/8	1/4	3/2		-3	39	Eb2	2	82
8	8	45/2	45/2	1.5	3/8	3/8	6/8	3	1	3/8	1/4	3/2		-6	54	Gb3	3	80
8	8	45/2	45/2	1.5	3/8	3/8	6/8	2	1	3/8	1/4	3/2		-2	58	Bb3	3	77
8	8	45/2	45/2	0.5	3/8	3/8	6/8	1	1	1/8	1/8	1		-2	70	Bb4	4	73
8	8	23	23	0.5	1/2	1/2	6/8	1	1	1/8	1/8	1		-6	66	Gb4	4	74
8	8	47/2	47/2	0.5	5/8	5/8	6/8	1	1	1/8	1/8	1		-3	63	Eb4	4	75
9	9	24	24	1.5	0	0	6/8	4	1	3/8	1/4	3/2		0	36	C2	2	94
9	9	24	24	1.0	0	0	6/8	3	1	1/4	1/4	1		-6	54	Gb3	3	91
9	9	24	24	1.0	0	0	6/8	2	1	1/4	1/4	1		-3	63	Eb4	4	88
9	9	24	24	1.0	0	0	6/8	1	1	1/4	1/4	1		-4	68	Ab4	4	83
9	9	25	25	0.5	1/4	1/4	6/8	3	1	1/8	1/8	1		-3	51	Eb3	3	92
9	9	25	25	0.5	1/4	1/4	6/8	2	1	1/8	1/8	1	1	-4	56	Ab3	3	89
9	9	25	25	0.5	1/4	1/4	6/8	2	1	1/8	1/8	1		-3	63	Eb4	4	89
9	9	25	25	0.5	1/4	1/4	6/8	1	1	1/8	1/8	1		-4	68	Ab4	4	84
9	9	51/2	51/2	1.0	3/8	3/8	6/8	4	1	1/4	1/4	1		-5	37	Db2	2	95
9	9	51/2	51/2	1.5	3/8	3/8	6/8	3	1	3/8	1/4	3/2		-1	53	F3	3	93
9	9	51/2	51/2	1.5	3/8	3/8	6/8	2	1	3/8	1/4	3/2	-1	-4	56	Ab3	3	90
9	9	51/2	51/2	0.5	3/8	3/8	6/8	1	1	1/8	1/8	1		-4	68	Ab4	4	85
9	9	26	26	0.5	1/2	1/2	6/8	1	1	1/8	1/8	1		-1	65	F4	4	86
9	9	53/2	53/2	0.5	5/8	5/8	6/8	4	1	1/8	1/8	1		-1	41	F2	2	96
9	9	53/2	53/2	0.5	5/8	5/8	6/8	1	1	1/8	1/8	1		-5	61	Db4	4	87
10	10	27	27	1.5	0	0	6/8	4	1	3/8	1/4	3/2		-4	44	Ab2	2	107
10	10	27	27	1.0	0	0	6/8	3	1	1/4	1/4	1		-1	53	F3	3	104
10	10	27	27	0.5	0	0	6/8	1	1	1/8	1/8	1		-4	56	Ab3	3	97
10	10	27	27	1.0	0	0	6/8	2	1	1/4	1/4	1		-5	61	Db4	4	101
10	10	55/2	55/2	0.5	1/8	1/8	6/8	1	1	1/8	1/8	1		-1	65	F4	4	98
10	10	28	28	0.5	1/4	1/4	6/8	3	1	1/8	1/8	1		-6	54	Gb3	3	105
10	10	28	28	0.5	1/4	1/4	6/8	2	1	1/8	1/8	1		0	60	C4	4	102
10	10	28	28	0.5	1/4	1/4	6/8	1	1	1/8	1/8	1		-3	63	Eb4	4	99
10	10	57/2	57/2	0.5	3/8	3/8	6/8	4	1	1/8	1/8	1		-5	49	Db3	3	108
10	10	57/2	57/2	1.5	3/8	3/8	6/8	3	1	3/8	1/4	3/2		-1	53	F3	3	106
10	10	57/2	57/2	1.5	3/8	3/8	6/8	2	1	3/8	1/4	3/2	1	-4	56	Ab3	3	103
10	10	57/2	57/2	1.5	3/8	3/8	6/8	1	1	3/8	1/4	3/2		-5	61	Db4	4	100
10	10	29	29	0.5	1/2	1/2	6/8	4	1	1/8	1/8	1		-1	41	F2	2	109
10	10	59/2	59/2	0.5	5/8	5/8	6/8	4	1	1/8	1/8	1		-6	42	Gb2	2	110
11	11	30	30	0.5	0	0	6/8	4	1	1/8	1/8	1		-4	44	Ab2	2	123
11	11	30	30	1.0	0	0	6/8	3	1	1/4	1/4	1		-1	53	F3	3	119
11	11	30	30	1.5	0	0	6/8	2	1	3/8	1/4	3/2	-1	-4	56	Ab3	3	116
11	11	30	30	1.0	0	0	6/8	1	1	1/4	1/4	1		-5	61	Db4	4	111
11	11	61/2	61/2	0.5	1/8	1/8	6/8	4	1	1/8	1/8	1		-1	53	F3	3	124
11	11	31	31	0.5	1/4	1/4	6/8	4	1	1/8	1/8	1		-3	51	Eb3	3	125
11	11	31	31	0.5	1/4	1/4	6/8	3	1	1/8	1/8	1		-6	54	Gb3	3	120
11	11	31	31	0.5	1/4	1/4	6/8	1	1	1/8	1/8	1		0	60	C4	4	112
11	11	63/2	63/2	1.0	3/8	3/8	6/8	4	1	1/4	1/4	1		-5	49	Db3	3	126
11	11	63/2	63/2	1.0	3/8	3/8	6/8	3	1	1/4	1/4	1		-1	53	F3	3	121
11	11	63/2	63/2	0.5	3/8	3/8	6/8	2	1	1/8	1/8	1		-4	56	Ab3	3	117
11	11	63/2	63/2	0.5	3/8	3/8	6/8	1	1	1/8	1/8	1		-5	61	Db4	4	113
11	11	32	32	1.0	1/2	1/2	6/8	2	1	1/4	1/4	1		-5	61	Db4	4	118
11	11	32	32	0.5	1/2	1/2	6/8	1	1	1/8	1/8	1		-1	65	F4	4	114
11	11	65/2	65/2	0.5	5/8	5/8	6/8	4	1	1/8	1/8	1		-2	46	Bb2	2	127
11	11	65/2	65/2	0.5	5/8	5/8	6/8	3	1	1/8	1/8	1		-5	49	Db3	3	122
11	11	65/2	65/2	0.5	5/8	5/8	6/8	1	1	1/8	1/8	1		-6	66	Gb4	4	115
12	12	33	33	1.5	0	0	6/8	4	1	3/8	1/4	3/2		-4	44	Ab2	2	145
12	12	33	33	1.0	0	0	6/8	3	1	1/4	1/4	1		-5	49	Db3	3	140
12	12	33	33	0.5	0	0	6/8	2	1	1/8	1/8	1		-1	65	F4	4	134
12	12	33	33	0.5	0	0	6/8	1	1	1/8	1/8	1		-4	68	Ab4	4	128
12	12	67/2	67/2	0.5	1/8	1/8	6/8	2	1	1/8	1/8	1		-4	68	Ab4	4	135
12	12	67/2	67/2	0.5	1/8	1/8	6/8	1	1	1/8	1/8	1		-1	77	F5	5	129
12	12	34	34	0.5	1/4	1/4	6/8	3	1	1/8	1/8	1		0	48	C3	3	141
12	12	34	34	0.5	1/4	1/4	6/8	2	1	1/8	1/8	1		-6	66	Gb4	4	136
12	12	34	34	0.5	1/4	1/4	6/8	1	1	1/8	1/8	1		-3	75	Eb5	5	130
12	12	69/2	69/2	0.5	3/8	3/8	6/8	4	1	1/8	1/8	1		-5	49	Db3	3	146
12	12	69/2	69/2	0.5	3/8	3/8	6/8	3	1	1/8	1/8	1		-1	53	F3	3	142
12	12	69/2	69/2	0.5	3/8	3/8	6/8	2	1	1/8	1/8	1		-1	65	F4	4	137
12	12	69/2	69/2	0.5	3/8	3/8	6/8	1	1	1/8	1/8	1		-5	73	Db5	5	131
12	12	35	35	0.5	1/2	1/2	6/8	4	1	1/8	1/8	1		-5	49	Db3	3	147
12	12	35	35	0.5	1/2	1/2	6/8	3	1	1/8	1/8	1		-6	54	Gb3	3	143
12	12	35	35	0.5	1/2	1/2	6/8	2	1	1/8	1/8	1		-5	61	Db4	4	138
12	12	35	35	0.5	1/2	1/2	6/8	1	1	1/8	1/8	1		-2	70	Bb4	4	132
12	12	71/2	71/2	0.5	5/8	5/8	6/8	4	1	1/8	1/8	1		-5	49	Db3	3	148
12	12	71/2	71/2	0.5	5/8	5/8	6/8	3	1	1/8	1/8	1		-3	51	Eb3	3	144
12	12	71/2	71/2	0.5	5/8	5/8	6/8	2	1	1/8	1/8	1		-5	61	Db4	4	139
12	12	71/2	71/2	0.5	5/8	5/8	6/8	1	1	1/8	1/8	1		-6	66	Gb4	4	133
13	13	36	36	0.5	0	0	6/8	3	1	1/8	1/8	1		-5	49	Db3	3	157
13	13	36	36	0.5	0	0	6/8	4	1	1/8	1/8	1		-5	49	Db3	3	160
13	13	36	36	1.0	0	0	6/8	2	1	1/4	1/4	1		-5	61	Db4	4	154
13	13	36	36	0.5	0	0	6/8	1	1	1/8	1/8	1		-1	65	F4	4	149
13	13	73/2	73/2	1.0	1/8	1/8	6/8	4	1	1/4	1/4	1		-5	61	Db4	4	161
13	13	73/2	73/2	1.0	1/8	1/8	6/8	3	1	1/4	1/4	1		-1	65	F4	4	158
13	13	73/2	73/2	0.5	1/8	1/8	6/8	1	1	1/8	1/8	1		-4	68	Ab4	4	150
13	13	37	37	0.5	1/4	1/4	6/8	2	1	1/8	1/8	1		-4	68	Ab4	4	155
13	13	37	37	0.5	1/4	1/4	6/8	1	1	1/8	1/8	1		-5	73	Db5	5	151
13	13	75/2	75/2	1.5	3/8	3/8	6/8	4	1	3/8	1/4	3/2		-3	63	Eb4	4	162
13	13	75/2	75/2	1.5	3/8	3/8	6/8	3	1	3/8	1/4	3/2		-6	66	Gb4	4	159
13	13	75/2	75/2	1.5	3/8	3/8	6/8	2	1	3/8	1/4	3/2		-4	68	Ab4	4	156
13	13	75/2	75/2	1.0	3/8	3/8	6/8	1	1	1/4	1/4	1		-5	73	Db5	5	152
13	13	77/2	77/2	0.5	5/8	5/8	6/8	1	1	1/8	1/8	1		0	72	C5	5	153
14	14	39	39	1.5	0	0	6/8	4	1	3/8	1/4	3/2		-5	61	Db4	4	174
14	14	39	39	1.5	0	0	6/8	3	1	3/8	1/4	3/2		-1	65	F4	4	170
14	14	39	39	1.5	0	0	6/8	2	1	3/8	1/4	3/2		-4	68	Ab4	4	168
14	14	39	39	0.5	0	0	6/8	1	1	1/8	1/8	1		-5	73	Db5	5	163
14	14	79/2	79/2	0.5	1/8	1/8	6/8	1	1	1/8	1/8	1		-3	75	Eb5	5	164
14	14	40	40	0.5	1/4	1/4	6/8	1	1	1/8	1/8	1		-1	77	F5	5	165
14	14	81/2	81/2	1.5	3/8	3/8	6/8	4	1	3/8	1/4	3/2	1	0	60	C4	4	175
14	14	81/2	81/2	0.5	3/8	3/8	6/8	3	1	1/8	1/8	1		-3	63	Eb4	4	171
14	14	81/2	81/2	1.5	3/8	3/8	6/8	2	1	3/8	1/4	3/2		-4	68	Ab4	4	169
14	14	81/2	81/2	1.0	3/8	3/8	6/8	1	1	1/4	1/4	1		-1	77	F5	5	166
14	14	41	41	0.5	1/2	1/2	6/8	3	1	1/8	1/8	1		-1	65	F4	4	172
14	14	83/2	83/2	0.5	5/8	5/8	6/8	3	1	1/8	1/8	1		-6	66	Gb4	4	173
14	14	83/2	83/2	0.5	5/8	5/8	6/8	1	1	1/8	1/8	1		-3	75	Eb5	5	167
15	15	42	42	0.5	0	0	6/8	4	1	1/8	1/8	1	-1	0	60	C4	4	187
15	15	42	42	1.0	0	0	6/8	3	1	1/4	1/4	1		-6	66	Gb4	4	183
15	15	42	42	1.0	0	0	6/8	2	1	1/4	1/4	1		-9	69	Bbb4	4	180
15	15	42	42	1.0	0	0	6/8	1	1	1/4	1/4	1		-3	75	Eb5	5	176
15	15	85/2	85/2	0.5	1/8	1/8	6/8	4	1	1/8	1/8	1		0	60	C4	4	188
15	15	43	43	0.5	1/4	1/4	6/8	4	1	1/8	1/8	1		-5	61	Db4	4	189
15	15	43	43	0.5	1/4	1/4	6/8	3	1	1/8	1/8	1		-1	65	F4	4	184
15	15	43	43	0.5	1/4	1/4	6/8	2	1	1/8	1/8	1		-4	68	Ab4	4	181
15	15	43	43	0.5	1/4	1/4	6/8	1	1	1/8	1/8	1		-5	73	Db5	5	177
15	15	87/2	87/2	1.0	3/8	3/8	6/8	4	1	1/4	1/4	1		-5	61	Db4	4	190
15	15	87/2	87/2	1.0	3/8	3/8	6/8	3	1	1/4	1/4	1		-1	65	F4	4	185
15	15	87/2	87/2	1.5	3/8	3/8	6/8	2	1	3/8	1/4	3/2		-4	68	Ab4	4	182
15	15	87/2	87/2	1.0	3/8	3/8	6/8	1	1	1/4	1/4	1		-5	73	Db5	5	178
15	15	89/2	89/2	0.5	5/8	5/8	6/8	4	1	1/8	1/8	1		-3	63	Eb4	4	191
15	15	89/2	89/2	0.5	5/8	5/8	6/8	3	1	1/8	1/8	1		-6	66	Gb4	4	186
15	15	89/2	89/2	0.5	5/8	5/8	6/8	1	1	1/8	1/8	1		0	72	C5	5	179
16	16	45	45	1.0	0	0	6/8	4	1	1/4	1/4	1		-3	63	Eb4	4	202
16	16	45	45	1.0	0	0	6/8	3	1	1/4	1/4	1		-6	66	Gb4	4	198
16	16	45	45	1.5	0	0	6/8	2	1	3/8	1/4	3/2		-4	68	Ab4	4	196
16	16	45	45	1.0	0	0	6/8	1	1	1/4	1/4	1		0	72	C5	5	192
16	16	46	46	0.5	1/4	1/4	6/8	4	1	1/8	1/8	1		-5	61	Db4	4	203
16	16	46	46	0.5	1/4	1/4	6/8	3	1	1/8	1/8	1		-1	65	F4	4	199
16	16	46	46	0.5	1/4	1/4	6/8	1	1	1/8	1/8	1		-5	73	Db5	5	193
16	16	93/2	93/2	1.0	3/8	3/8	6/8	4	1	1/4	1/4	1		5	59	B3	3	204
16	16	93/2	93/2	1.0	3/8	3/8	6/8	3	1	1/4	1/4	1		-1	65	F4	4	200
16	16	93/2	93/2	1.5	3/8	3/8	6/8	2	1	3/8	1/4	3/2		-4	68	Ab4	4	197
16	16	93/2	93/2	1.0	3/8	3/8	6/8	1	1	1/4	1/4	1		2	74	D5	5	194
16	16	95/2	95/2	0.5	5/8	5/8	6/8	4	1	1/8	1/8	1		0	60	C4	4	205
16	16	95/2	95/2	0.5	5/8	5/8	6/8	3	1	1/8	1/8	1		-3	63	Eb4	4	201
16	16	95/2	95/2	0.5	5/8	5/8	6/8	1	1	1/8	1/8	1		-3	75	Eb5	5	195
17	17	48	48	1.0	0	0	6/8	4	1	1/4	1/4	1		-2	58	Bb3	3	220
17	17	48	48	0.5	0	0	6/8	3	1	1/8	1/8	1		-5	61	Db4	4	215
17	17	48	48	0.5	0	0	6/8	2	1	1/8	1/8	1		1	67	G4	4	210
17	17	48	48	1.0	0	0	6/8	1	1	1/4	1/4	1		4	76	E5	5	206
17	17	97/2	97/2	0.5	1/8	1/8	6/8	3	1	1/8	1/8	1		1	67	G4	4	216
17	17	97/2	97/2	0.5	1/8	1/8	6/8	2	1	1/8	1/8	1		-5	73	Db5	5	211
17	17	49	49	0.5	1/4	1/4	6/8	4	1	1/8	1/8	1		3	57	A3	3	221
17	17	49	49	0.5	1/4	1/4	6/8	3	1	1/8	1/8	1		3	69	A4	4	217
17	17	49	49	0.5	1/4	1/4	6/8	2	1	1/8	1/8	1		0	72	C5	5	212
17	17	49	49	0.5	1/4	1/4	6/8	1	1	1/8	1/8	1		-1	77	F5	5	207
17	17	99/2	99/2	1.0	3/8	3/8	6/8	2	1	1/4	1/4	1		0	72	C5	5	213
17	17	99/2	99/2	1.0	3/8	3/8	6/8	1	1	1/4	1/4	1		-1	77	F5	5	208
17	17	50	50	0.5	1/2	1/2	6/8	4	1	1/8	1/8	1		-1	53	F3	3	222
17	17	50	50	0.5	1/2	1/2	6/8	3	1	1/8	1/8	1		3	69	A4	4	218
17	17	101/2	101/2	0.5	5/8	5/8	6/8	4	1	1/8	1/8	1		-2	58	Bb3	3	223
17	17	101/2	101/2	0.5	5/8	5/8	6/8	3	1	1/8	1/8	1		-1	65	F4	4	219
17	17	101/2	101/2	0.5	5/8	5/8	6/8	2	1	1/8	1/8	1		-2	70	Bb4	4	214
17	17	101/2	101/2	0.5	5/8	5/8	6/8	1	1	1/8	1/8	1		2	74	D5	5	209
18	18	51	51	1.0	0	0	6/8	4	1	1/4	1/4	1		-7	59	Cb4	4	236
18	18	51	51	1.0	0	0	6/8	3	1	1/4	1/4	1		-3	63	Eb4	4	232
18	18	51	51	1.0	0	0	6/8	2	1	1/4	1/4	1		-3	75	Eb5	5	228
18	18	51	51	1.0	0	0	6/8	1	1	1/4	1/4	1		3	81	A5	5	224
18	18	52	52	0.5	1/4	1/4	6/8	4	1	1/8	1/8	1		-2	58	Bb3	3	237
18	18	52	52	0.5	1/4	1/4	6/8	3	1	1/8	1/8	1		-1	65	F4	4	233
18	18	52	52	0.5	1/4	1/4	6/8	2	1	1/8	1/8	1		2	74	D5	5	229
18	18	52	52	0.5	1/4	1/4	6/8	1	1	1/8	1/8	1		-2	82	Bb5	5	225
18	18	105/2	105/2	1.0	3/8	3/8	6/8	1	1	1/4	1/4	1		-2	82	Bb5	5	226
18	18	53	53	0.5	1/2	1/2	6/8	4	1	1/8	1/8	1		2	62	D4	4	238
18	18	53	53	0.5	1/2	1/2	6/8	3	1	1/8	1/8	1		-1	65	F4	4	234
18	18	53	53	0.5	1/2	1/2	6/8	2	1	1/8	1/8	1		-1	77	F5	5	230
18	18	107/2	107/2	0.5	5/8	5/8	6/8	4	1	1/8	1/8	1		-3	63	Eb4	4	239
18	18	107/2	107/2	0.5	5/8	5/8	6/8	3	1	1/8	1/8	1		-6	66	Gb4	4	235
18	18	107/2	107/2	0.5	5/8	5/8	6/8	2	1	1/8	1/8	1		-2	70	Bb4	4	231
18	18	107/2	107/2	0.5	5/8	5/8	6/8	1	1	1/8	1/8	1		-6	78	Gb5	5	227
19	19	54	54	1.0	0	0	6/8	4	1	1/4	1/4	1		-5	61	Db4	4	252
19	19	54	54	1.0	0	0	6/8	3	1	1/4	1/4	1		-8	64	Fb4	4	248
19	19	54	54	1.0	0	0	6/8	2	1	1/4	1/4	1		-2	70	Bb4	4	244
19	19	54	54	1.0	0	0	6/8	1	1	1/4	1/4	1		1	79	G5	5	240
19	19	55	55	0.5	1/4	1/4	6/8	4	1	1/8	1/8	1		0	60	C4	4	253
19	19	55	55	0.5	1/4	1/4	6/8	3	1	1/8	1/8	1		-3	63	Eb4	4	249
19	19	55	55	0.5	1/4	1/4	6/8	2	1	1/8	1/8	1		-4	68	Ab4	4	245
19	19	55	55	0.5	1/4	1/4	6/8	1	1	1/8	1/8	1		-4	80	Ab5	5	241
19	19	111/2	111/2	1.0	3/8	3/8	6/8	4	1	1/4	1/4	1		0	60	C4	4	254
19	19	111/2	111/2	1.0	3/8	3/8	6/8	3	1	1/4	1/4	1		-3	75	Eb5	5	250
19	19	111/2	111/2	1.0	3/8	3/8	6/8	2	1	1/4	1/4	1		-6	78	Gb5	5	246
19	19	111/2	111/2	1.0	3/8	3/8	6/8	1	1	1/4	1/4	1	1	-4	80	Ab5	5	242
19	19	113/2	113/2	0.5	5/8	5/8	6/8	4	1	1/8	1/8	1		-5	61	Db4	4	255
19	19	113/2	113/2	0.5	5/8	5/8	6/8	3	1	1/8	1/8	1		-5	73	Db5	5	251
19	19	113/2	113/2	0.5	5/8	5/8	6/8	2	1	1/8	1/8	1		-1	77	F5	5	247
19	19	113/2	113/2	0.5	5/8	5/8	6/8	1	1	1/8	1/8	1	0	-4	80	Ab5	5	243
20	20	57	57	1.5	0	0	6/8	1	1	3/8	1/4	3/2	0	-4	80	Ab5	5	256
20	20	115/2	115/2	0.5	1/8	1/8	6/8	4	1	1/8	1/8	1		-4	68	Ab4	4	267
20	20	115/2	115/2	0.5	1/8	1/8	6/8	3	1	1/8	1/8	1		-5	73	Db5	5	263
20	20	115/2	115/2	0.5	1/8	1/8	6/8	2	1	1/8	1/8	1		-1	77	F5	5	259
20	20	58	58	0.5	1/4	1/4	6/8	4	1	1/8	1/8	1		-6	66	Gb4	4	268
20	20	58	58	0.5	1/4	1/4	6/8	3	1	1/8	1/8	1		0	72	C5	5	264
20	20	58	58	0.5	1/4	1/4	6/8	2	1	1/8	1/8	1		-3	75	Eb5	5	260
20	20	117/2	117/2	0.5	3/8	3/8	6/8	4	1	1/8	1/8	1		-6	66	Gb4	4	269
20	20	117/2	117/2	0.5	3/8	3/8	6/8	3	1	1/8	1/8	1		0	72	C5	5	265
20	20	117/2	117/2	0.5	3/8	3/8	6/8	2	1	1/8	1/8	1		-3	75	Eb5	5	261
20	20	117/2	117/2	1.0	3/8	3/8	6/8	1	1	1/4	1/4	1	-1	-4	80	Ab5	5	257
20	20	59	59	1.0	1/2	1/2	6/8	4	1	1/4	1/4	1		-1	65	F4	4	270
20	20	59	59	1.0	1/2	1/2	6/8	3	1	1/4	1/4	1		-4	68	Ab4	4	266
20	20	59	59	1.0	1/2	1/2	6/8	2	1	1/4	1/4	1		-5	73	Db5	5	262
20	20	119/2	119/2	0.5	5/8	5/8	6/8	1	1	1/8	1/8	1		-5	85	Db6	6	258
21	21	60	60	1.5	0	0	6/8	3	1	3/8	1/4	3/2	1	-4	56	Ab3	3	280
21	21	121/2	121/2	0.5	1/8	1/8	6/8	2	1	1/8	1/8	1		-5	61	Db4	4	275
21	21	121/2	121/2	0.5	1/8	1/8	6/8	4	1	1/8	1/8	1		-4	68	Ab4	4	283
21	21	121/2	121/2	0.5	1/8	1/8	6/8	1	1	1/8	1/8	1		-1	77	F5	5	271
21	21	61	61	0.5	1/4	1/4	6/8	2	1	1/8	1/8	1		0	60	C4	4	276
21	21	61	61	0.5	1/4	1/4	6/8	4	1	1/8	1/8	1		-6	66	Gb4	4	284
21	21	61	61	0.5	1/4	1/4	6/8	1	1	1/8	1/8	1		-3	75	Eb5	5	272
21	21	123/2	123/2	1.0	3/8	3/8	6/8	3	1	1/4	1/4	1	-1	-4	56	Ab3	3	281
21	21	123/2	123/2	0.5	3/8	3/8	6/8	2	1	1/8	1/8	1		0	60	C4	4	277
21	21	123/2	123/2	0.5	3/8	3/8	6/8	4	1	1/8	1/8	1		-6	66	Gb4	4	285
21	21	123/2	123/2	0.5	3/8	3/8	6/8	1	1	1/8	1/8	1		-3	75	Eb5	5	273
21	21	62	62	0.5	1/2	1/2	6/8	2	1	1/8	1/8	1		-4	56	Ab3	3	278
21	21	62	62	1.0	1/2	1/2	6/8	4	1	1/4	1/4	1		-1	65	F4	4	286
21	21	62	62	1.0	1/2	1/2	6/8	1	1	1/4	1/4	1		-5	73	Db5	5	274
21	21	125/2	125/2	0.5	5/8	5/8	6/8	3	1	1/8	1/8	1		-5	61	Db4	4	282
21	21	125/2	125/2	0.5	5/8	5/8	6/8	2	1	1/8	1/8	1		-4	68	Ab4	4	279
22	22	63	63	1.5	0	0	6/8	2	1	3/8	1/4	3/2	1	-4	56	Ab3	3	290
22	22	63	63	1.5	0	0	6/8	1	1	3/8	1/4	3/2	1	-4	68	Ab4	4	287
22	22	127/2	127/2	0.5	1/8	1/8	6/8	4	1	1/8	1/8	1		-1	41	F2	2	298
22	22	127/2	127/2	0.5	1/8	1/8	6/8	3	1	1/8	1/8	1		-5	49	Db3	3	293
22	22	64	64	0.5	1/4	1/4	6/8	4	1	1/8	1/8	1		-3	39	Eb2	2	299
22	22	64	64	0.5	1/4	1/4	6/8	3	1	1/8	1/8	1		-6	54	Gb3	3	294
22	22	129/2	129/2	0.5	3/8	3/8	6/8	4	1	1/8	1/8	1		-3	39	Eb2	2	300
22	22	129/2	129/2	0.5	3/8	3/8	6/8	3	1	1/8	1/8	1		-6	54	Gb3	3	295
22	22	129/2	129/2	1.0	3/8	3/8	6/8	2	1	1/4	1/4	1	-1	-4	56	Ab3	3	291
22	22	129/2	129/2	1.0	3/8	3/8	6/8	1	1	1/4	1/4	1	-1	-4	68	Ab4	4	288
22	22	65	65	1.0	1/2	1/2	6/8	4	1	1/4	1/4	1		-5	37	Db2	2	301
22	22	65	65	0.5	1/2	1/2	6/8	3	1	1/8	1/8	1		-1	53	F3	3	296
22	22	131/2	131/2	0.5	5/8	5/8	6/8	3	1	1/8	1/8	1		-8	52	Fb3	3	297
22	22	131/2	131/2	0.5	5/8	5/8	6/8	2	1	1/8	1/8	1		-5	61	Db4	4	292
22	22	131/2	131/2	0.5	5/8	5/8	6/8	1	1	1/8	1/8	1		-5	73	Db5	5	289
23	23	66	66	1.0	0	0	6/8	4	1	1/4	1/4	1		7	37	C#2	2	314
23	23	66	66	1.0	0	0	6/8	3	1	1/4	1/4	1		4	52	E3	3	310
23	23	66	66	1.0	0	0	6/8	2	1	1/4	1/4	1		8	56	G#3	3	306
23	23	66	66	1.0	0	0	6/8	1	1	1/4	1/4	1		7	61	C#4	4	302
23	23	269/4	269/4	0.25	5/16	5/16	6/8	4	1	1/16	1/16	1		7	37	C#2	2	315
23	23	269/4	269/4	0.25	5/16	5/16	6/8	3	1	1/16	1/16	1		4	52	E3	3	311
23	23	269/4	269/4	0.25	5/16	5/16	6/8	2	1	1/16	1/16	1		8	56	G#3	3	307
23	23	269/4	269/4	0.25	5/16	5/16	6/8	1	1	1/16	1/16	1		7	61	C#4	4	303
23	23	135/2	135/2	1.0	3/8	3/8	6/8	4	1	1/4	1/4	1		9	39	D#2	2	316
23	23	135/2	135/2	1.0	3/8	3/8	6/8	3	1	1/4	1/4	1		6	54	F#3	3	312
23	23	135/2	135/2	1.0	3/8	3/8	6/8	2	1	1/4	1/4	1		8	56	G#3	3	308
23	23	135/2	135/2	1.0	3/8	3/8	6/8	1	1	1/4	1/4	1		12	60	B#3	3	304
23	23	275/4	275/4	0.25	11/16	11/16	6/8	4	1	1/16	1/16	1		9	39	D#2	2	317
23	23	275/4	275/4	0.25	11/16	11/16	6/8	3	1	1/16	1/16	1		6	54	F#3	3	313
23	23	275/4	275/4	0.25	11/16	11/16	6/8	2	1	1/16	1/16	1		8	56	G#3	3	309
23	23	275/4	275/4	0.25	11/16	11/16	6/8	1	1	1/16	1/16	1		12	60	B#3	3	305
24	24	69	69	1.0	0	0	6/8	4	1	1/4	1/4	1		7	37	C#2	2	336
24	24	69	69	1.0	0	0	6/8	3	1	1/4	1/4	1		4	52	E3	3	330
24	24	69	69	1.0	0	0	6/8	2	1	1/4	1/4	1		8	56	G#3	3	324
24	24	69	69	1.0	0	0	6/8	1	1	1/4	1/4	1		7	61	C#4	4	318
24	24	281/4	281/4	0.25	5/16	5/16	6/8	4	1	1/16	1/16	1		8	44	G#2	2	337
24	24	281/4	281/4	0.25	5/16	5/16	6/8	3	1	1/16	1/16	1		4	52	E3	3	331
24	24	281/4	281/4	0.25	5/16	5/16	6/8	2	1	1/16	1/16	1		8	56	G#3	3	325
24	24	281/4	281/4	0.25	5/16	5/16	6/8	1	1	1/16	1/16	1		7	61	C#4	4	319
24	24	141/2	141/2	0.5	3/8	3/8	6/8	4	1	1/8	1/8	1		8	44	G#2	2	338
24	24	141/2	141/2	0.5	3/8	3/8	6/8	3	1	1/8	1/8	1		9	51	D#3	3	332
24	24	141/2	141/2	0.5	3/8	3/8	6/8	2	1	1/8	1/8	1		12	60	B#3	3	326
24	24	141/2	141/2	0.5	3/8	3/8	6/8	1	1	1/8	1/8	1		9	63	D#4	4	320
24	24	285/4	285/4	0.25	9/16	9/16	6/8	4	1	1/16	1/16	1		8	44	G#2	2	339
24	24	285/4	285/4	0.25	9/16	9/16	6/8	3	1	1/16	1/16	1		9	51	D#3	3	333
24	24	285/4	285/4	0.25	9/16	9/16	6/8	2	1	1/16	1/16	1		12	60	B#3	3	327
24	24	285/4	285/4	0.25	9/16	9/16	6/8	1	1	1/16	1/16	1		3	69	A4	4	321
24	24	143/2	143/2	0.25	5/8	5/8	6/8	4	1	1/16	1/16	1		8	44	G#2	2	340
24	24	143/2	143/2	0.25	5/8	5/8	6/8	3	1	1/16	1/16	1		9	51	D#3	3	334
24	24	143/2	143/2	0.25	5/8	5/8	6/8	2	1	1/16	1/16	1		12	60	B#3	3	328
24	24	143/2	143/2	0.25	5/8	5/8	6/8	1	1	1/16	1/16	1		8	68	G#4	4	322
24	24	287/4	287/4	0.25	11/16	11/16	6/8	4	1	1/16	1/16	1		8	44	G#2	2	341
24	24	287/4	287/4	0.25	11/16	11/16	6/8	3	1	1/16	1/16	1		8	56	G#3	3	335
24	24	287/4	287/4	0.25	11/16	11/16	6/8	2	1	1/16	1/16	1		5	59	B3	3	329
24	24	287/4	287/4	0.25	11/16	11/16	6/8	1	1	1/16	1/16	1		9	63	D#4	4	323
25	25	72	72	1.0	0	0	6/8	4	1	1/4	1/4	1		4	40	E2	2	354
25	25	72	72	1.0	0	0	6/8	3	1	1/4	1/4	1		8	56	G#3	3	350
25	25	72	72	1.0	0	0	6/8	2	1	1/4	1/4	1		5	59	B3	3	346
25	25	72	72	1.0	0	0	6/8	1	1	1/4	1/4	1		4	64	E4	4	342
25	25	293/4	293/4	0.25	5/16	5/16	6/8	4	1	1/16	1/16	1		4	52	E3	3	355
25	25	293/4	293/4	0.25	5/16	5/16	6/8	2	1	1/16	1/16	1		8	56	G#3	3	347
25	25	293/4	293/4	0.25	5/16	5/16	6/8	3	1	1/16	1/16	1		5	59	B3	3	351
25	25	293/4	293/4	0.25	5/16	5/16	6/8	1	1	1/16	1/16	1		4	64	E4	4	343
25	25	147/2	147/2	1.0	3/8	3/8	6/8	4	1	1/4	1/4	1		6	54	F#3	3	356
25	25	147/2	147/2	1.0	3/8	3/8	6/8	2	1	1/4	1/4	1		3	57	A3	3	348
25	25	147/2	147/2	1.0	3/8	3/8	6/8	3	1	1/4	1/4	1		5	59	B3	3	352
25	25	147/2	147/2	1.0	3/8	3/8	6/8	1	1	1/4	1/4	1		9	63	D#4	4	344
25	25	299/4	299/4	0.25	11/16	11/16	6/8	4	1	1/16	1/16	1		6	54	F#3	3	357
25	25	299/4	299/4	0.25	11/16	11/16	6/8	2	1	1/16	1/16	1		3	57	A3	3	349
25	25	299/4	299/4	0.25	11/16	11/16	6/8	3	1	1/16	1/16	1		5	59	B3	3	353
25	25	299/4	299/4	0.25	11/16	11/16	6/8	1	1	1/16	1/16	1		9	63	D#4	4	345
26	26	75	75	1.0	0	0	6/8	4	1	1/4	1/4	1		4	52	E3	3	376
26	26	75	75	1.0	0	0	6/8	2	1	1/4	1/4	1		8	56	G#3	3	364
26	26	75	75	1.0	0	0	6/8	3	1	1/4	1/4	1		5	59	B3	3	370
26	26	75	75	1.0	0	0	6/8	1	1	1/4	1/4	1		8	68	G#4	4	358
26	26	305/4	305/4	0.25	5/16	5/16	6/8	4	1	1/16	1/16	1		4	52	E3	3	377
26	26	305/4	305/4	0.25	5/16	5/16	6/8	3	1	1/16	1/16	1		8	56	G#3	3	371
26	26	305/4	305/4	0.25	5/16	5/16	6/8	2	1	1/16	1/16	1		4	64	E4	4	365
26	26	305/4	305/4	0.25	5/16	5/16	6/8	1	1	1/16	1/16	1		8	68	G#4	4	359
26	26	153/2	153/2	0.5	3/8	3/8	6/8	4	1	1/8	1/8	1		5	47	B2	2	378
26	26	153/2	153/2	0.5	3/8	3/8	6/8	3	1	1/8	1/8	1		6	54	F#3	3	372
26	26	153/2	153/2	0.5	3/8	3/8	6/8	2	1	1/8	1/8	1		9	63	D#4	4	366
26	26	153/2	153/2	0.5	3/8	3/8	6/8	1	1	1/8	1/8	1		5	71	B4	4	360
26	26	309/4	309/4	0.25	9/16	9/16	6/8	4	1	1/16	1/16	1		3	45	A2	2	379
26	26	309/4	309/4	0.25	9/16	9/16	6/8	3	1	1/16	1/16	1		6	54	F#3	3	373
26	26	309/4	309/4	0.25	9/16	9/16	6/8	2	1	1/16	1/16	1		9	63	D#4	4	367
26	26	309/4	309/4	0.25	9/16	9/16	6/8	1	1	1/16	1/16	1		5	71	B4	4	361
26	26	155/2	155/2	0.25	5/8	5/8	6/8	4	1	1/16	1/16	1		8	44	G#2	2	380
26	26	155/2	155/2	0.25	5/8	5/8	6/8	3	1	1/16	1/16	1		4	52	E3	3	374
26	26	155/2	155/2	0.25	5/8	5/8	6/8	2	1	1/16	1/16	1		4	64	E4	4	368
26	26	155/2	155/2	0.25	5/8	5/8	6/8	1	1	1/16	1/16	1		5	71	B4	4	362
26	26	311/4	311/4	0.25	11/16	11/16	6/8	4	1	1/16	1/16	1		6	42	F#2	2	381
26	26	311/4	311/4	0.25	11/16	11/16	6/8	3	1	1/16	1/16	1		3	57	A3	3	375
26	26	311/4	311/4	0.25	11/16	11/16	6/8	2	1	1/16	1/16	1		9	63	D#4	4	369
26	26	311/4	311/4	0.25	11/16	11/16	6/8	1	1	1/16	1/16	1		5	71	B4	4	363
27	27	78	78	1.0	0	0	6/8	4	1	1/4	1/4	1		11	41	E#2	2	394
27	27	78	78	1.0	0	0	6/8	3	1	1/4	1/4	1		8	56	G#3	3	390
27	27	78	78	1.0	0	0	6/8	2	1	1/4	1/4	1		2	62	D4	4	386
27	27	78	78	1.0	0	0	6/8	1	1	1/4	1/4	1		5	71	B4	4	382
27	27	317/4	317/4	0.25	5/16	5/16	6/8	4	1	1/16	1/16	1		11	41	E#2	2	395
27	27	317/4	317/4	0.25	5/16	5/16	6/8	3	1	1/16	1/16	1		8	68	G#4	4	391
27	27	317/4	317/4	0.25	5/16	5/16	6/8	2	1	1/16	1/16	1		5	71	B4	4	387
27	27	317/4	317/4	0.25	5/16	5/16	6/8	1	1	1/16	1/16	1		2	74	D5	5	383
27	27	159/2	159/2	1.0	3/8	3/8	6/8	4	1	1/4	1/4	1		11	41	E#2	2	396
27	27	159/2	159/2	1.0	3/8	3/8	6/8	3	1	1/4	1/4	1		8	68	G#4	4	392
27	27	159/2	159/2	1.0	3/8	3/8	6/8	2	1	1/4	1/4	1		5	71	B4	4	388
27	27	159/2	159/2	1.0	3/8	3/8	6/8	1	1	1/4	1/4	1		7	73	C#5	5	384
27	27	323/4	323/4	0.25	11/16	11/16	6/8	4	1	1/16	1/16	1		11	41	E#2	2	397
27	27	323/4	323/4	0.25	11/16	11/16	6/8	3	1	1/16	1/16	1		8	68	G#4	4	393
27	27	323/4	323/4	0.25	11/16	11/16	6/8	2	1	1/16	1/16	1		5	71	B4	4	389
27	27	323/4	323/4	0.25	11/16	11/16	6/8	1	1	1/16	1/16	1		7	73	C#5	5	385
28	28	81	81	1.0	0	0	6/8	4	1	1/4	1/4	1		10	46	A#2	2	410
28	28	81	81	1.0	0	0	6/8	3	1	1/4	1/4	1		1	55	G3	3	406
28	28	81	81	1.0	0	0	6/8	2	1	1/4	1/4	1		4	64	E4	4	402
28	28	81	81	1.0	0	0	6/8	3	1	1/4	1/4	1		1	67	G4	4	406
28	28	81	81	1.0	0	0	6/8	1	1	1/4	1/4	1		7	73	C#5	5	398
28	28	329/4	329/4	0.25	5/16	5/16	6/8	4	1	1/16	1/16	1		10	46	A#2	2	411
28	28	329/4	329/4	0.25	5/16	5/16	6/8	3	1	1/16	1/16	1		7	61	C#4	4	407
28	28	329/4	329/4	0.25	5/16	5/16	6/8	2	1	1/16	1/16	1		4	76	E5	5	403
28	28	329/4	329/4	0.25	5/16	5/16	6/8	1	1	1/16	1/16	1		1	79	G5	5	399
28	28	165/2	165/2	1.0	3/8	3/8	6/8	4	1	1/4	1/4	1		10	46	A#2	2	412
28	28	165/2	165/2	1.0	3/8	3/8	6/8	3	1	1/4	1/4	1		7	61	C#4	4	408
28	28	165/2	165/2	1.0	3/8	3/8	6/8	2	1	1/4	1/4	1		4	76	E5	5	404
28	28	165/2	165/2	1.0	3/8	3/8	6/8	1	1	1/4	1/4	1		1	79	G5	5	400
28	28	335/4	335/4	0.25	11/16	11/16	6/8	4	1	1/16	1/16	1		10	46	A#2	2	413
28	28	335/4	335/4	0.25	11/16	11/16	6/8	3	1	1/16	1/16	1		7	61	C#4	4	409
28	28	335/4	335/4	0.25	11/16	11/16	6/8	2	1	1/16	1/16	1		4	64	E4	4	405
28	28	335/4	335/4	0.25	11/16	11/16	6/8	1	1	1/16	1/16	1		6	78	F#5	5	401
29	29	84	84	1.0	0	0	6/8	4	1	1/4	1/4	1		12	48	B#2	2	426
29	29	84	84	1.0	0	0	6/8	3	1	1/4	1/4	1		3	57	A3	3	422
29	29	84	84	1.0	0	0	6/8	2	1	1/4	1/4	1		9	63	D#4	4	418
29	29	84	84	1.0	0	0	6/8	1	1	1/4	1/4	1		6	78	F#5	5	414
29	29	341/4	341/4	0.25	5/16	5/16	6/8	4	1	1/16	1/16	1		3	45	A2	2	427
29	29	341/4	341/4	0.25	5/16	5/16	6/8	3	1	1/16	1/16	1		12	72	B#4	4	423
29	29	341/4	341/4	0.25	5/16	5/16	6/8	2	1	1/16	1/16	1		6	78	F#5	5	419
29	29	341/4	341/4	0.25	5/16	5/16	6/8	1	1	1/16	1/16	1		9	87	D#6	6	415
29	29	171/2	171/2	1.0	3/8	3/8	6/8	4	1	1/4	1/4	1		3	45	A2	2	428
29	29	171/2	171/2	1.0	3/8	3/8	6/8	3	1	1/4	1/4	1		12	72	B#4	4	424
29	29	171/2	171/2	1.0	3/8	3/8	6/8	2	1	1/4	1/4	1		6	78	F#5	5	420
29	29	171/2	171/2	1.0	3/8	3/8	6/8	1	1	1/4	1/4	1		9	87	D#6	6	416
29	29	347/4	347/4	0.25	11/16	11/16	6/8	4	1	1/16	1/16	1		13	43	F##2	2	429
29	29	347/4	347/4	0.25	11/16	11/16	6/8	3	1	1/16	1/16	1		10	58	A#3	3	425
29	29	347/4	347/4	0.25	11/16	11/16	6/8	2	1	1/16	1/16	1		4	64	E4	4	421
29	29	347/4	347/4	0.25	11/16	11/16	6/8	2	1	1/16	1/16	1		7	73	C#5	5	421
29	29	347/4	347/4	0.25	11/16	11/16	6/8	1	1	1/16	1/16	1		4	88	E6	6	417
30	30	87	87	1.0	0	0	6/8	4	1	1/4	1/4	1		8	44	G#2	2	448
30	30	87	87	1.0	0	0	6/8	3	1	1/4	1/4	1		8	56	G#3	3	442
30	30	87	87	1.0	0	0	6/8	2	1	1/4	1/4	1		4	64	E4	4	436
30	30	87	87	1.0	0	0	6/8	2	1	1/4	1/4	1		7	73	C#5	5	436
30	30	87	87	1.0	0	0	6/8	1	1	1/4	1/4	1		4	88	E6	6	430
30	30	353/4	353/4	0.25	5/16	5/16	6/8	4	1	1/16	1/16	1		9	51	D#3	3	449
30	30	353/4	353/4	0.25	5/16	5/16	6/8	3	1	1/16	1/16	1		8	56	G#3	3	443
30	30	353/4	353/4	0.25	5/16	5/16	6/8	2	1	1/16	1/16	1		6	66	F#4	4	437
30	30	353/4	353/4	0.25	5/16	5/16	6/8	1	1	1/16	1/16	1		12	84	B#5	5	431
30	30	177/2	177/2	0.5	3/8	3/8	6/8	4	1	1/8	1/8	1		7	49	C#3	3	450
30	30	177/2	177/2	0.5	3/8	3/8	6/8	3	1	1/8	1/8	1		8	56	G#3	3	444
30	30	177/2	177/2	0.5	3/8	3/8	6/8	2	1	1/8	1/8	1		4	64	E4	4	438
30	30	177/2	177/2	0.5	3/8	3/8	6/8	1	1	1/8	1/8	1		7	85	C#6	6	432
30	30	357/4	357/4	0.25	9/16	9/16	6/8	4	1	1/16	1/16	1		6	42	F#2	2	451
30	30	357/4	357/4	0.25	9/16	9/16	6/8	3	1	1/16	1/16	1		3	57	A3	3	445
30	30	357/4	357/4	0.25	9/16	9/16	6/8	2	1	1/16	1/16	1		7	61	C#4	4	439
30	30	357/4	357/4	0.25	9/16	9/16	6/8	1	1	1/16	1/16	1		7	85	C#6	6	433
30	30	179/2	179/2	0.25	5/8	5/8	6/8	4	1	1/16	1/16	1		6	42	F#2	2	452
30	30	179/2	179/2	0.25	5/8	5/8	6/8	3	1	1/16	1/16	1		8	56	G#3	3	446
30	30	179/2	179/2	0.25	5/8	5/8	6/8	2	1	1/16	1/16	1		11	65	E#4	4	440
30	30	179/2	179/2	0.25	5/8	5/8	6/8	1	1	1/16	1/16	1		5	83	B5	5	434
30	30	359/4	359/4	0.25	11/16	11/16	6/8	4	1	1/16	1/16	1		6	42	F#2	2	453
30	30	359/4	359/4	0.25	11/16	11/16	6/8	3	1	1/16	1/16	1		3	57	A3	3	447
30	30	359/4	359/4	0.25	11/16	11/16	6/8	2	1	1/16	1/16	1		6	66	F#4	4	441
30	30	359/4	359/4	0.25	11/16	11/16	6/8	1	1	1/16	1/16	1		3	81	A5	5	435
31	31	90	90	1.0	0	0	6/8	4	1	1/4	1/4	1		8	44	G#2	2	472
31	31	90	90	1.0	0	0	6/8	3	1	1/4	1/4	1		7	61	C#4	4	466
31	31	90	90	1.0	0	0	6/8	2	1	1/4	1/4	1		4	64	E4	4	460
31	31	90	90	1.0	0	0	6/8	1	1	1/4	1/4	1		8	80	G#5	5	454
31	31	365/4	365/4	0.25	5/16	5/16	6/8	4	1	1/16	1/16	1		9	51	D#3	3	473
31	31	365/4	365/4	0.25	5/16	5/16	6/8	3	1	1/16	1/16	1		6	54	F#3	3	467
31	31	365/4	365/4	0.25	5/16	5/16	6/8	2	1	1/16	1/16	1		12	60	B#3	3	461
31	31	365/4	365/4	0.25	5/16	5/16	6/8	1	1	1/16	1/16	1		8	68	G#4	4	455
31	31	183/2	183/2	0.5	3/8	3/8	6/8	4	1	1/8	1/8	1		7	49	C#3	3	474
31	31	183/2	183/2	0.5	3/8	3/8	6/8	3	1	1/8	1/8	1		4	52	E3	3	468
31	31	183/2	183/2	0.5	3/8	3/8	6/8	2	1	1/8	1/8	1		7	61	C#4	4	462
31	31	183/2	183/2	0.5	3/8	3/8	6/8	2	1	1/8	1/8	1		4	64	E4	4	462
31	31	183/2	183/2	0.5	3/8	3/8	6/8	1	1	1/8	1/8	1		8	68	G#4	4	456
31	31	369/4	369/4	0.25	9/16	9/16	6/8	4	1	1/16	1/16	1		7	49	C#3	3	475
31	31	369/4	369/4	0.25	9/16	9/16	6/8	3	1	1/16	1/16	1		11	53	E#3	3	469
31	31	369/4	369/4	0.25	9/16	9/16	6/8	1	1	1/16	1/16	1		7	61	C#4	4	457
31	31	369/4	369/4	0.25	9/16	9/16	6/8	2	1	1/16	1/16	1		7	61	C#4	4	463
31	31	185/2	185/2	0.25	5/8	5/8	6/8	4	1	1/16	1/16	1		5	47	B2	2	476
31	31	185/2	185/2	0.25	5/8	5/8	6/8	3	1	1/16	1/16	1		11	53	E#3	3	470
31	31	185/2	185/2	0.25	5/8	5/8	6/8	2	1	1/16	1/16	1		7	61	C#4	4	464
31	31	185/2	185/2	0.25	5/8	5/8	6/8	1	1	1/16	1/16	1		11	65	E#4	4	458
31	31	371/4	371/4	0.25	11/16	11/16	6/8	4	1	1/16	1/16	1		3	45	A2	2	477
31	31	371/4	371/4	0.25	11/16	11/16	6/8	3	1	1/16	1/16	1		6	54	F#3	3	471
31	31	371/4	371/4	0.25	11/16	11/16	6/8	2	1	1/16	1/16	1		7	61	C#4	4	465
31	31	371/4	371/4	0.25	11/16	11/16	6/8	1	1	1/16	1/16	1		6	66	F#4	4	459
32	32	93	93	1.0	0	0	6/8	4	1	1/4	1/4	1		-4	44	Ab2	2	491
32	32	93	93	1.0	0	0	6/8	3	1	1/4	1/4	1		4	52	E3	3	486
32	32	93	93	1.0	0	0	6/8	2	1	1/4	1/4	1		-5	61	Db4	4	481
32	32	93	93	1.0	0	0	6/8	1	1	1/4	1/4	1		-4	68	Ab4	4	478
32	32	377/4	377/4	0.25	5/16	5/16	6/8	4	1	1/16	1/16	1		-4	44	Ab2	2	492
32	32	377/4	377/4	0.25	5/16	5/16	6/8	3	1	1/16	1/16	1		-3	51	Eb3	3	487
32	32	377/4	377/4	0.25	5/16	5/16	6/8	2	1	1/16	1/16	1		0	60	C4	4	482
32	32	377/4	377/4	0.25	5/16	5/16	6/8	1	1	1/16	1/16	1		-4	68	Ab4	4	479
32	32	95	95	0.5	1/2	1/2	6/8	3	1	1/8	1/8	1		-1	53	F3	3	488
32	32	95	95	0.5	1/2	1/2	6/8	2	1	1/8	1/8	1		-5	61	Db4	4	483
32	32	95	95	1.0	1/2	1/2	6/8	1	1	1/4	1/4	1	1	-4	68	Ab4	4	480
32	32	191/2	191/2	0.5	5/8	5/8	6/8	4	1	1/8	1/8	1	1	-5	37	Db2	2	493
32	32	191/2	191/2	0.5	5/8	5/8	6/8	4	1	1/8	1/8	1	1	-5	49	Db3	3	493
32	32	191/2	191/2	0.25	5/8	5/8	6/8	3	1	1/16	1/16	1		-2	58	Bb3	3	489
32	32	191/2	191/2	0.25	5/8	5/8	6/8	2	1	1/16	1/16	1		-6	66	Gb4	4	484
32	32	383/4	383/4	0.25	11/16	11/16	6/8	3	1	1/16	1/16	1		-6	54	Gb3	3	490
32	32	383/4	383/4	0.25	11/16	11/16	6/8	2	1	1/16	1/16	1		-3	63	Eb4	4	485
33	33	96	96	0.5	0	0	6/8	4	1	1/8	1/8	1	-1	-5	37	Db2	2	510
33	33	96	96	0.5	0	0	6/8	4	1	1/8	1/8	1	-1	-5	49	Db3	3	510
33	33	96	96	0.5	0	0	6/8	3	1	1/8	1/8	1		-1	53	F3	3	504
33	33	96	96	0.5	0	0	6/8	2	1	1/8	1/8	1		-5	61	Db4	4	499
33	33	96	96	0.5	0	0	6/8	1	1	1/8	1/8	1	-1	-4	68	Ab4	4	494
33	33	193/2	193/2	0.5	1/8	1/8	6/8	4	1	1/8	1/8	1		0	48	C3	3	511
33	33	193/2	193/2	0.5	1/8	1/8	6/8	3	1	1/8	1/8	1		-3	51	Eb3	3	505
33	33	193/2	193/2	1.0	1/8	1/8	6/8	2	1	1/4	1/4	1		-4	56	Ab3	3	500
33	33	193/2	193/2	1.0	1/8	1/8	6/8	1	1	1/4	1/4	1		-1	77	F5	5	495
33	33	97	97	0.5	1/4	1/4	6/8	4	1	1/8	1/8	1		-2	46	Bb2	2	512
33	33	97	97	0.5	1/4	1/4	6/8	3	1	1/8	1/8	1		-5	49	Db3	3	506
33	33	195/2	195/2	0.5	3/8	3/8	6/8	4	1	1/8	1/8	1		-4	44	Ab2	2	513
33	33	195/2	195/2	0.5	3/8	3/8	6/8	3	1	1/8	1/8	1		0	48	C3	3	507
33	33	195/2	195/2	1.0	3/8	3/8	6/8	2	1	1/4	1/4	1	1	-4	56	Ab3	3	501
33	33	195/2	195/2	0.5	3/8	3/8	6/8	1	1	1/8	1/8	1		-6	78	Gb5	5	496
33	33	98	98	0.5	1/2	1/2	6/8	4	1	1/8	1/8	1		-2	46	Bb2	2	514
33	33	98	98	0.5	1/2	1/2	6/8	3	1	1/8	1/8	1		-5	49	Db3	3	508
33	33	98	98	0.5	1/2	1/2	6/8	1	1	1/8	1/8	1		-1	77	F5	5	497
33	33	197/2	197/2	0.5	5/8	5/8	6/8	4	1	1/8	1/8	1		0	48	C3	3	515
33	33	197/2	197/2	0.5	5/8	5/8	6/8	3	1	1/8	1/8	1		-3	51	Eb3	3	509
33	33	197/2	197/2	0.25	5/8	5/8	6/8	2	1	1/16	1/16	1	-1	-4	56	Ab3	3	502
33	33	197/2	197/2	0.5	5/8	5/8	6/8	1	1	1/8	1/8	1		-3	75	Eb5	5	498
33	33	395/4	395/4	0.25	11/16	11/16	6/8	2	1	1/16	1/16	1		-6	66	Gb4	4	503
34	34	99	99	0.5	0	0	6/8	4	1	1/8	1/8	1		-5	49	Db3	3	533
34	34	99	99	0.5	0	0	6/8	3	1	1/8	1/8	1		-1	53	F3	3	528
34	34	99	99	0.5	0	0	6/8	2	1	1/8	1/8	1		-1	65	F4	4	522
34	34	99	99	0.5	0	0	6/8	1	1	1/8	1/8	1		-5	73	Db5	5	516
34	34	199/2	199/2	0.5	1/8	1/8	6/8	4	1	1/8	1/8	1		-3	51	Eb3	3	534
34	34	199/2	199/2	0.5	1/8	1/8	6/8	3	1	1/8	1/8	1		-6	54	Gb3	3	529
34	34	199/2	199/2	0.5	1/8	1/8	6/8	2	1	1/8	1/8	1		0	60	C4	4	523
34	34	199/2	199/2	0.5	1/8	1/8	6/8	1	1	1/8	1/8	1		0	72	C5	5	517
34	34	100	100	0.5	1/4	1/4	6/8	4	1	1/8	1/8	1		-1	53	F3	3	535
34	34	100	100	0.5	1/4	1/4	6/8	3	1	1/8	1/8	1		-4	56	Ab3	3	530
34	34	100	100	0.5	1/4	1/4	6/8	2	1	1/8	1/8	1		-5	61	Db4	4	524
34	34	100	100	0.5	1/4	1/4	6/8	1	1	1/8	1/8	1		-2	70	Bb4	4	518
34	34	201/2	201/2	0.5	3/8	3/8	6/8	4	1	1/8	1/8	1		-1	53	F3	3	536
34	34	201/2	201/2	0.5	3/8	3/8	6/8	3	1	1/8	1/8	1		-4	56	Ab3	3	531
34	34	201/2	201/2	0.5	3/8	3/8	6/8	2	1	1/8	1/8	1		-5	61	Db4	4	525
34	34	201/2	201/2	0.5	3/8	3/8	6/8	1	1	1/8	1/8	1		-4	68	Ab4	4	519
34	34	101	101	1.0	1/2	1/2	6/8	4	1	1/4	1/4	1		-3	51	Eb3	3	537
34	34	101	101	1.0	1/2	1/2	6/8	3	1	1/4	1/4	1		-6	54	Gb3	3	532
34	34	101	101	0.5	1/2	1/2	6/8	2	1	1/8	1/8	1		0	60	C4	4	526
34	34	101	101	0.5	1/2	1/2	6/8	1	1	1/8	1/8	1		-2	70	Bb4	4	520
34	34	203/2	203/2	0.5	5/8	5/8	6/8	2	1	1/8	1/8	1	1	-4	56	Ab3	3	527
34	34	203/2	203/2	0.5	5/8	5/8	6/8	1	1	1/8	1/8	1		0	72	C5	5	521
35	35	102	102	0.5	0	0	6/8	4	1	1/8	1/8	1		-5	49	Db3	3	554
35	35	102	102	0.5	0	0	6/8	3	1	1/8	1/8	1		-1	53	F3	3	548
35	35	102	102	0.5	0	0	6/8	2	1	1/8	1/8	1	-1	-4	56	Ab3	3	543
35	35	102	102	0.5	0	0	6/8	1	1	1/8	1/8	1		-5	73	Db5	5	538
35	35	205/2	205/2	0.5	1/8	1/8	6/8	4	1	1/8	1/8	1		0	48	C3	3	555
35	35	205/2	205/2	0.5	1/8	1/8	6/8	3	1	1/8	1/8	1		-3	51	Eb3	3	549
35	35	205/2	205/2	0.75	1/8	1/8	6/8	2	1	3/16	1/8	3/2		-4	56	Ab3	3	544
35	35	205/2	205/2	0.5	1/8	1/8	6/8	1	1	1/8	1/8	1		-3	75	Eb5	5	539
35	35	103	103	0.5	1/4	1/4	6/8	4	1	1/8	1/8	1		-2	46	Bb2	2	556
35	35	103	103	0.5	1/4	1/4	6/8	3	1	1/8	1/8	1		-5	49	Db3	3	550
35	35	103	103	0.5	1/4	1/4	6/8	1	1	1/8	1/8	1		-1	77	F5	5	540
35	35	413/4	413/4	0.25	5/16	5/16	6/8	2	1	1/16	1/16	1		-1	65	F4	4	545
35	35	207/2	207/2	0.5	3/8	3/8	6/8	4	1	1/8	1/8	1		-4	44	Ab2	2	557
35	35	207/2	207/2	0.5	3/8	3/8	6/8	3	1	1/8	1/8	1		0	48	C3	3	551
35	35	207/2	207/2	1.0	3/8	3/8	6/8	2	1	1/4	1/4	1		-6	66	Gb4	4	546
35	35	207/2	207/2	0.5	3/8	3/8	6/8	1	1	1/8	1/8	1		-1	77	F5	5	541
35	35	104	104	0.5	1/2	1/2	6/8	4	1	1/8	1/8	1		-2	46	Bb2	2	558
35	35	104	104	0.75	1/2	1/2	6/8	3	1	3/16	1/8	3/2		-4	56	Ab3	3	552
35	35	104	104	1.0	1/2	1/2	6/8	1	1	1/4	1/4	1		-3	75	Eb5	5	542
35	35	209/2	209/2	0.5	5/8	5/8	6/8	4	1	1/8	1/8	1		0	48	C3	3	559
35	35	209/2	209/2	0.5	5/8	5/8	6/8	2	1	1/8	1/8	1	1	-4	68	Ab4	4	547
35	35	419/4	419/4	0.25	11/16	11/16	6/8	3	1	1/16	1/16	1		-6	54	Gb3	3	553
36	36	105	105	0.5	0	0	6/8	4	1	1/8	1/8	1		-5	49	Db3	3	577
36	36	105	105	0.5	0	0	6/8	3	1	1/8	1/8	1		-1	53	F3	3	571
36	36	105	105	0.75	0	0	6/8	2	1	3/16	1/8	3/2	-1	-4	68	Ab4	4	566
36	36	105	105	0.5	0	0	6/8	1	1	1/8	1/8	1		-5	73	Db5	5	560
36	36	211/2	211/2	0.5	1/8	1/8	6/8	4	1	1/8	1/8	1		-3	51	Eb3	3	578
36	36	211/2	211/2	0.5	1/8	1/8	6/8	3	1	1/8	1/8	1		-6	54	Gb3	3	572
36	36	211/2	211/2	0.5	1/8	1/8	6/8	1	1	1/8	1/8	1		0	72	C5	5	561
36	36	423/4	423/4	0.25	3/16	3/16	6/8	2	1	1/16	1/16	1		0	60	C4	4	567
36	36	106	106	0.5	1/4	1/4	6/8	4	1	1/8	1/8	1		-1	53	F3	3	579
36	36	106	106	0.5	1/4	1/4	6/8	3	1	1/8	1/8	1		-4	56	Ab3	3	573
36	36	106	106	0.5	1/4	1/4	6/8	2	1	1/8	1/8	1		-5	61	Db4	4	568
36	36	106	106	0.5	1/4	1/4	6/8	1	1	1/8	1/8	1		-2	70	Bb4	4	562
36	36	213/2	213/2	0.5	3/8	3/8	6/8	4	1	1/8	1/8	1		-1	53	F3	3	580
36	36	213/2	213/2	1.0	3/8	3/8	6/8	3	1	1/4	1/4	1	1	-4	56	Ab3	3	574
36	36	213/2	213/2	0.5	3/8	3/8	6/8	2	1	1/8	1/8	1		-5	61	Db4	4	569
36	36	213/2	213/2	0.5	3/8	3/8	6/8	1	1	1/8	1/8	1		-4	68	Ab4	4	563
36	36	107	107	0.75	1/2	1/2	6/8	4	1	3/16	1/8	3/2		-3	51	Eb3	3	581
36	36	107	107	1.0	1/2	1/2	6/8	2	1	1/4	1/4	1	1	0	60	C4	4	570
36	36	107	107	0.5	1/2	1/2	6/8	1	1	1/8	1/8	1		-2	70	Bb4	4	564
36	36	215/2	215/2	0.25	5/8	5/8	6/8	3	1	1/16	1/16	1	-1	-4	56	Ab3	3	575
36	36	215/2	215/2	0.5	5/8	5/8	6/8	1	1	1/8	1/8	1		0	72	C5	5	565
36	36	431/4	431/4	0.25	11/16	11/16	6/8	4	1	1/16	1/16	1		4	52	E3	3	582
36	36	431/4	431/4	0.25	11/16	11/16	6/8	3	1	1/16	1/16	1		1	55	G3	3	576
37	37	108	108	1.0	0	0	6/8	4	1	1/4	1/4	1		-1	53	F3	3	606
37	37	108	108	0.5	0	0	6/8	3	1	1/8	1/8	1		-4	56	Ab3	3	597
37	37	108	108	0.5	0	0	6/8	2	1	1/8	1/8	1	-1	0	60	C4	4	588
37	37	108	108	0.5	0	0	6/8	1	1	1/8	1/8	1		0	72	C5	5	583
37	37	217/2	217/2	0.75	1/8	1/8	6/8	3	1	3/16	1/8	3/2		0	60	C4	4	598
37	37	217/2	217/2	0.75	1/8	1/8	6/8	2	1	3/16	1/8	3/2		-1	65	F4	4	589
37	37	217/2	217/2	0.75	1/8	1/8	6/8	1	1	3/16	1/8	3/2		-4	68	Ab4	4	584
37	37	109	109	0.5	1/4	1/4	6/8	4	1	1/8	1/8	1		-1	53	F3	3	607
37	37	437/4	437/4	0.25	5/16	5/16	6/8	3	1	1/16	1/16	1	1	3	57	A3	3	599
37	37	437/4	437/4	0.25	5/16	5/16	6/8	2	1	1/16	1/16	1	1	0	60	C4	4	590
37	37	437/4	437/4	0.25	5/16	5/16	6/8	1	1	1/16	1/16	1		3	69	A4	4	585
37	37	219/2	219/2	0.5	3/8	3/8	6/8	4	1	1/8	1/8	1		-1	53	F3	3	608
37	37	219/2	219/2	0.25	3/8	3/8	6/8	3	1	1/16	1/16	1	-1	3	57	A3	3	600
37	37	219/2	219/2	0.25	3/8	3/8	6/8	2	1	1/16	1/16	1	-1	0	60	C4	4	591
37	37	219/2	219/2	1.0	3/8	3/8	6/8	1	1	1/4	1/4	1		-1	77	F5	5	586
37	37	439/4	439/4	0.25	7/16	7/16	6/8	3	1	1/16	1/16	1	1	-2	58	Bb3	3	601
37	37	439/4	439/4	0.25	7/16	7/16	6/8	2	1	1/16	1/16	1	1	-5	61	Db4	4	592
37	37	110	110	0.5	1/2	1/2	6/8	4	1	1/8	1/8	1		-5	49	Db3	3	609
37	37	110	110	0.25	1/2	1/2	6/8	3	1	1/16	1/16	1	-1	-2	58	Bb3	3	602
37	37	110	110	0.25	1/2	1/2	6/8	2	1	1/16	1/16	1	-1	-5	61	Db4	4	593
37	37	441/4	441/4	0.25	9/16	9/16	6/8	3	1	1/16	1/16	1		0	60	C4	4	603
37	37	441/4	441/4	0.25	9/16	9/16	6/8	2	1	1/16	1/16	1		-3	63	Eb4	4	594
37	37	221/2	221/2	0.5	5/8	5/8	6/8	4	1	1/8	1/8	1		-2	46	Bb2	2	610
37	37	221/2	221/2	0.25	5/8	5/8	6/8	3	1	1/16	1/16	1		0	60	C4	4	604
37	37	221/2	221/2	0.25	5/8	5/8	6/8	2	1	1/16	1/16	1		-3	63	Eb4	4	595
37	37	221/2	221/2	0.5	5/8	5/8	6/8	1	1	1/8	1/8	1		-1	77	F5	5	587
37	37	443/4	443/4	0.25	11/16	11/16	6/8	3	1	1/16	1/16	1		-5	61	Db4	4	605
37	37	443/4	443/4	0.25	11/16	11/16	6/8	2	1	1/16	1/16	1		-1	65	F4	4	596
38	38	111	111	1.0	0	0	6/8	4	1	1/4	1/4	1		-2	58	Bb3	3	633
38	38	111	111	0.5	0	0	6/8	3	1	1/8	1/8	1		-5	61	Db4	4	625
38	38	111	111	0.5	0	0	6/8	2	1	1/8	1/8	1		-1	65	F4	4	616
38	38	111	111	0.5	0	0	6/8	1	1	1/8	1/8	1		-1	77	F5	5	611
38	38	223/2	223/2	1.0	1/8	1/8	6/8	3	1	1/4	1/4	1	1	2	62	D4	4	626
38	38	223/2	223/2	0.75	1/8	1/8	6/8	2	1	3/16	1/8	3/2		-2	70	Bb4	4	617
38	38	223/2	223/2	0.5	1/8	1/8	6/8	1	1	1/8	1/8	1		2	74	D5	5	612
38	38	112	112	0.5	1/4	1/4	6/8	4	1	1/8	1/8	1		-2	58	Bb3	3	634
38	38	112	112	0.5	1/4	1/4	6/8	1	1	1/8	1/8	1		-2	70	Bb4	4	613
38	38	449/4	449/4	0.25	5/16	5/16	6/8	2	1	1/16	1/16	1	1	-1	65	F4	4	618
38	38	225/2	225/2	0.5	3/8	3/8	6/8	4	1	1/8	1/8	1		-2	58	Bb3	3	635
38	38	225/2	225/2	0.25	3/8	3/8	6/8	3	1	1/16	1/16	1	-1	2	62	D4	4	627
38	38	225/2	225/2	0.25	3/8	3/8	6/8	2	1	1/16	1/16	1	-1	-1	65	F4	4	619
38	38	225/2	225/2	1.0	3/8	3/8	6/8	1	1	1/4	1/4	1		-2	82	Bb5	5	614
38	38	451/4	451/4	0.25	7/16	7/16	6/8	3	1	1/16	1/16	1	1	-3	63	Eb4	4	628
38	38	451/4	451/4	0.25	7/16	7/16	6/8	2	1	1/16	1/16	1	1	-6	66	Gb4	4	620
38	38	113	113	0.5	1/2	1/2	6/8	4	1	1/8	1/8	1		-6	54	Gb3	3	636
38	38	113	113	0.25	1/2	1/2	6/8	3	1	1/16	1/16	1	-1	-3	63	Eb4	4	629
38	38	113	113	0.25	1/2	1/2	6/8	2	1	1/16	1/16	1	-1	-6	66	Gb4	4	621
38	38	453/4	453/4	0.25	9/16	9/16	6/8	3	1	1/16	1/16	1		-1	65	F4	4	630
38	38	453/4	453/4	0.25	9/16	9/16	6/8	2	1	1/16	1/16	1		-4	68	Ab4	4	622
38	38	227/2	227/2	0.5	5/8	5/8	6/8	4	1	1/8	1/8	1		-3	51	Eb3	3	637
38	38	227/2	227/2	0.25	5/8	5/8	6/8	3	1	1/16	1/16	1		-1	65	F4	4	631
38	38	227/2	227/2	0.25	5/8	5/8	6/8	2	1	1/16	1/16	1		-4	68	Ab4	4	623
38	38	227/2	227/2	0.5	5/8	5/8	6/8	1	1	1/8	1/8	1		-2	82	Bb5	5	615
38	38	455/4	455/4	0.25	11/16	11/16	6/8	3	1	1/16	1/16	1		-6	66	Gb4	4	632
38	38	455/4	455/4	0.25	11/16	11/16	6/8	2	1	1/16	1/16	1		-2	70	Bb4	4	624
39	39	114	114	1.0	0	0	6/8	4	1	1/4	1/4	1		-4	56	Ab3	3	663
39	39	114	114	0.25	0	0	6/8	3	1	1/16	1/16	1		-6	66	Gb4	4	653
39	39	114	114	0.25	0	0	6/8	2	1	1/16	1/16	1		-2	70	Bb4	4	643
39	39	114	114	0.5	0	0	6/8	1	1	1/8	1/8	1		-2	82	Bb5	5	638
39	39	457/4	457/4	0.25	1/16	1/16	6/8	3	1	1/16	1/16	1	1	-6	54	Gb3	3	654
39	39	457/4	457/4	0.25	1/16	1/16	6/8	2	1	1/16	1/16	1	1	-3	63	Eb4	4	644
39	39	229/2	229/2	0.75	1/8	1/8	6/8	3	1	3/16	1/8	3/2	-1	-6	54	Gb3	3	655
39	39	229/2	229/2	0.75	1/8	1/8	6/8	2	1	3/16	1/8	3/2	-1	-3	63	Eb4	4	645
39	39	229/2	229/2	0.5	1/8	1/8	6/8	1	1	1/8	1/8	1		-6	78	Gb5	5	639
39	39	115	115	0.5	1/4	1/4	6/8	4	1	1/8	1/8	1		-4	56	Ab3	3	664
39	39	115	115	0.5	1/4	1/4	6/8	1	1	1/8	1/8	1		-3	75	Eb5	5	640
39	39	461/4	461/4	0.25	5/16	5/16	6/8	3	1	1/16	1/16	1	1	-6	54	Gb3	3	656
39	39	461/4	461/4	0.25	5/16	5/16	6/8	2	1	1/16	1/16	1	1	0	60	C4	4	646
39	39	231/2	231/2	0.25	3/8	3/8	6/8	3	1	1/16	1/16	1	-1	-6	54	Gb3	3	657
39	39	231/2	231/2	0.5	3/8	3/8	6/8	4	1	1/8	1/8	1		-4	56	Ab3	3	665
39	39	231/2	231/2	0.25	3/8	3/8	6/8	2	1	1/16	1/16	1	-1	0	60	C4	4	647
39	39	231/2	231/2	1.0	3/8	3/8	6/8	1	1	1/4	1/4	1		-4	80	Ab5	5	641
39	39	463/4	463/4	0.25	7/16	7/16	6/8	3	1	1/16	1/16	1	1	-1	53	F3	3	658
39	39	463/4	463/4	0.25	7/16	7/16	6/8	2	1	1/16	1/16	1	1	-5	61	Db4	4	648
39	39	116	116	0.25	1/2	1/2	6/8	3	1	1/16	1/16	1	-1	-1	53	F3	3	659
39	39	116	116	0.5	1/2	1/2	6/8	4	1	1/8	1/8	1		-1	53	F3	3	666
39	39	116	116	0.25	1/2	1/2	6/8	2	1	1/16	1/16	1	-1	-5	61	Db4	4	649
39	39	465/4	465/4	0.25	9/16	9/16	6/8	3	1	1/16	1/16	1		-6	54	Gb3	3	660
39	39	465/4	465/4	0.25	9/16	9/16	6/8	2	1	1/16	1/16	1		-3	63	Eb4	4	650
39	39	233/2	233/2	0.5	5/8	5/8	6/8	4	1	1/8	1/8	1		-5	49	Db3	3	667
39	39	233/2	233/2	0.25	5/8	5/8	6/8	3	1	1/16	1/16	1		-6	54	Gb3	3	661
39	39	233/2	233/2	0.25	5/8	5/8	6/8	2	1	1/16	1/16	1		-3	63	Eb4	4	651
39	39	233/2	233/2	0.5	5/8	5/8	6/8	1	1	1/8	1/8	1		-4	80	Ab5	5	642
39	39	467/4	467/4	0.25	11/16	11/16	6/8	3	1	1/16	1/16	1		-4	56	Ab3	3	662
39	39	467/4	467/4	0.25	11/16	11/16	6/8	2	1	1/16	1/16	1		-1	65	F4	4	652
40	40	117	117	0.5	0	0	6/8	4	1	1/8	1/8	1		-4	44	Ab2	2	688
40	40	117	117	0.5	0	0	6/8	3	1	1/8	1/8	1		-5	61	Db4	4	680
40	40	117	117	0.75	0	0	6/8	2	1	3/16	1/8	3/2		-1	65	F4	4	672
40	40	117	117	1.0	0	0	6/8	1	1	1/4	1/4	1		-4	80	Ab5	5	668
40	40	235/2	235/2	0.5	1/8	1/8	6/8	4	1	1/8	1/8	1		-1	53	F3	3	689
40	40	235/2	235/2	0.75	1/8	1/8	6/8	3	1	3/16	1/8	3/2		-4	56	Ab3	3	681
40	40	471/4	471/4	0.25	3/16	3/16	6/8	2	1	1/16	1/16	1		-5	73	Db5	5	673
40	40	118	118	0.5	1/4	1/4	6/8	4	1	1/8	1/8	1		-3	51	Eb3	3	690
40	40	118	118	0.5	1/4	1/4	6/8	2	1	1/8	1/8	1		0	72	C5	5	674
40	40	118	118	0.5	1/4	1/4	6/8	1	1	1/8	1/8	1		0	84	C6	6	669
40	40	473/4	473/4	0.25	5/16	5/16	6/8	3	1	1/16	1/16	1		-6	54	Gb3	3	682
40	40	237/2	237/2	0.5	3/8	3/8	6/8	4	1	1/8	1/8	1		-5	49	Db3	3	691
40	40	237/2	237/2	0.25	3/8	3/8	6/8	3	1	1/16	1/16	1		-1	53	F3	3	683
40	40	237/2	237/2	0.25	3/8	3/8	6/8	2	1	1/16	1/16	1		-5	73	Db5	5	675
40	40	237/2	237/2	1.0	3/8	3/8	6/8	1	1	1/4	1/4	1		-5	85	Db6	6	670
40	40	475/4	475/4	0.25	7/16	7/16	6/8	3	1	1/16	1/16	1	1	-1	65	F4	4	684
40	40	475/4	475/4	0.25	7/16	7/16	6/8	2	1	1/16	1/16	1	1	-4	68	Ab4	4	676
40	40	119	119	0.5	1/2	1/2	6/8	4	1	1/8	1/8	1		-1	41	F2	2	692
40	40	119	119	0.25	1/2	1/2	6/8	3	1	1/16	1/16	1	-1	-1	65	F4	4	685
40	40	119	119	0.25	1/2	1/2	6/8	2	1	1/16	1/16	1	-1	-4	68	Ab4	4	677
40	40	477/4	477/4	0.25	9/16	9/16	6/8	3	1	1/16	1/16	1		-4	56	Ab3	3	686
40	40	477/4	477/4	0.25	9/16	9/16	6/8	2	1	1/16	1/16	1		-1	77	F5	5	678
40	40	239/2	239/2	0.5	5/8	5/8	6/8	4	1	1/8	1/8	1		-6	42	Gb2	2	693
40	40	239/2	239/2	0.5	5/8	5/8	6/8	3	1	1/8	1/8	1		-6	54	Gb3	3	687
40	40	239/2	239/2	0.5	5/8	5/8	6/8	2	1	1/8	1/8	1		-3	75	Eb5	5	679
40	40	239/2	239/2	0.5	5/8	5/8	6/8	1	1	1/8	1/8	1	1	-4	80	Ab5	5	671
41	41	120	120	1.5	0	0	6/8	4	1	3/8	1/4	3/2	1	-4	44	Ab2	2	718
41	41	120	120	0.25	0	0	6/8	3	1	1/16	1/16	1		-1	53	F3	3	709
41	41	120	120	0.25	0	0	6/8	2	1	1/16	1/16	1		-5	73	Db5	5	699
41	41	120	120	0.5	0	0	6/8	1	1	1/8	1/8	1	-1	-4	80	Ab5	5	694
41	41	481/4	481/4	0.25	1/16	1/16	6/8	3	1	1/16	1/16	1	1	-5	49	Db3	3	710
41	41	481/4	481/4	0.25	1/16	1/16	6/8	2	1	1/16	1/16	1	1	-1	65	F4	4	700
41	41	241/2	241/2	0.25	1/8	1/8	6/8	3	1	1/16	1/16	1	-1	-5	49	Db3	3	711
41	41	241/2	241/2	0.25	1/8	1/8	6/8	2	1	1/16	1/16	1	-1	-1	65	F4	4	701
41	41	241/2	241/2	0.5	1/8	1/8	6/8	1	1	1/8	1/8	1		-1	89	F6	6	695
41	41	483/4	483/4	0.25	3/16	3/16	6/8	3	1	1/16	1/16	1		-1	53	F3	3	712
41	41	483/4	483/4	0.25	3/16	3/16	6/8	2	1	1/16	1/16	1		-5	73	Db5	5	702
41	41	121	121	0.5	1/4	1/4	6/8	3	1	1/8	1/8	1		-6	54	Gb3	3	713
41	41	121	121	0.5	1/4	1/4	6/8	2	1	1/8	1/8	1		0	72	C5	5	703
41	41	121	121	0.5	1/4	1/4	6/8	1	1	1/8	1/8	1		-3	87	Eb6	6	696
41	41	243/2	243/2	0.5	3/8	3/8	6/8	4	1	1/8	1/8	1	-1	-4	44	Ab2	2	719
41	41	243/2	243/2	0.5	3/8	3/8	6/8	3	1	1/8	1/8	1	1	-1	53	F3	3	714
41	41	243/2	243/2	0.25	3/8	3/8	6/8	2	1	1/16	1/16	1		-5	73	Db5	5	704
41	41	243/2	243/2	1.0	3/8	3/8	6/8	1	1	1/4	1/4	1		-5	85	Db6	6	697
41	41	487/4	487/4	0.25	7/16	7/16	6/8	2	1	1/16	1/16	1	1	-5	61	Db4	4	705
41	41	122	122	0.5	1/2	1/2	6/8	4	1	1/8	1/8	1		-1	41	F2	2	720
41	41	122	122	0.25	1/2	1/2	6/8	3	1	1/16	1/16	1	-1	-1	53	F3	3	715
41	41	122	122	0.25	1/2	1/2	6/8	2	1	1/16	1/16	1	-1	-5	61	Db4	4	706
41	41	489/4	489/4	0.25	9/16	9/16	6/8	3	1	1/16	1/16	1		-5	61	Db4	4	716
41	41	489/4	489/4	0.25	9/16	9/16	6/8	2	1	1/16	1/16	1		-1	65	F4	4	707
41	41	245/2	245/2	0.5	5/8	5/8	6/8	4	1	1/8	1/8	1		-6	42	Gb2	2	721
41	41	245/2	245/2	0.5	5/8	5/8	6/8	3	1	1/8	1/8	1	1	0	60	C4	4	717
41	41	245/2	245/2	0.5	5/8	5/8	6/8	2	1	1/8	1/8	1	1	-3	63	Eb4	4	708
41	41	245/2	245/2	0.5	5/8	5/8	6/8	1	1	1/8	1/8	1	1	-4	80	Ab5	5	698
42	42	123	123	0.5	0	0	6/8	4	1	1/8	1/8	1		-4	44	Ab2	2	747
42	42	123	123	0.25	0	0	6/8	3	1	1/16	1/16	1	-1	0	60	C4	4	737
42	42	123	123	0.25	0	0	6/8	2	1	1/16	1/16	1	-1	-3	63	Eb4	4	727
42	42	123	123	1.0	0	0	6/8	1	1	1/4	1/4	1	-1	-4	80	Ab5	5	722
42	42	493/4	493/4	0.25	1/16	1/16	6/8	3	1	1/16	1/16	1	1	-1	53	F3	3	738
42	42	493/4	493/4	0.25	1/16	1/16	6/8	2	1	1/16	1/16	1	1	-5	61	Db4	4	728
42	42	247/2	247/2	0.25	1/8	1/8	6/8	3	1	1/16	1/16	1	-1	-1	53	F3	3	739
42	42	247/2	247/2	0.5	1/8	1/8	6/8	4	1	1/8	1/8	1		-1	53	F3	3	748
42	42	247/2	247/2	0.25	1/8	1/8	6/8	2	1	1/16	1/16	1	-1	-5	61	Db4	4	729
42	42	495/4	495/4	0.25	3/16	3/16	6/8	3	1	1/16	1/16	1	1	-4	56	Ab3	3	740
42	42	495/4	495/4	0.25	3/16	3/16	6/8	2	1	1/16	1/16	1		-4	68	Ab4	4	730
42	42	124	124	0.5	1/4	1/4	6/8	4	1	1/8	1/8	1		-3	51	Eb3	3	749
42	42	124	124	0.5	1/4	1/4	6/8	3	1	1/8	1/8	1	0	-4	56	Ab3	3	741
42	42	124	124	0.5	1/4	1/4	6/8	2	1	1/8	1/8	1	1	-6	66	Gb4	4	731
42	42	124	124	0.5	1/4	1/4	6/8	1	1	1/8	1/8	1		0	84	C6	6	723
42	42	249/2	249/2	0.5	3/8	3/8	6/8	4	1	1/8	1/8	1		-5	49	Db3	3	750
42	42	249/2	249/2	0.25	3/8	3/8	6/8	3	1	1/16	1/16	1	-1	-4	56	Ab3	3	742
42	42	249/2	249/2	0.25	3/8	3/8	6/8	2	1	1/16	1/16	1	-1	-6	66	Gb4	4	732
42	42	249/2	249/2	0.5	3/8	3/8	6/8	1	1	1/8	1/8	1		-5	85	Db6	6	724
42	42	499/4	499/4	0.5	7/16	7/16	6/8	3	1	1/8	1/8	1		-4	56	Ab3	3	743
42	42	499/4	499/4	0.5	7/16	7/16	6/8	2	1	1/8	1/8	1		-1	65	F4	4	733
42	42	125	125	0.5	1/2	1/2	6/8	4	1	1/8	1/8	1		-5	49	Db3	3	751
42	42	125	125	0.5	1/2	1/2	6/8	1	1	1/8	1/8	1		-2	82	Bb5	5	725
42	42	501/4	501/4	0.25	9/16	9/16	6/8	3	1	1/16	1/16	1		-2	58	Bb3	3	744
42	42	501/4	501/4	0.25	9/16	9/16	6/8	2	1	1/16	1/16	1		-6	66	Gb4	4	734
42	42	251/2	251/2	0.5	5/8	5/8	6/8	4	1	1/8	1/8	1		-5	49	Db3	3	752
42	42	251/2	251/2	0.25	5/8	5/8	6/8	3	1	1/16	1/16	1		-2	58	Bb3	3	745
42	42	251/2	251/2	0.25	5/8	5/8	6/8	2	1	1/16	1/16	1		-6	66	Gb4	4	735
42	42	251/2	251/2	0.5	5/8	5/8	6/8	1	1	1/8	1/8	1		-6	78	Gb5	5	726
42	42	503/4	503/4	0.25	11/16	11/16	6/8	3	1	1/16	1/16	1		0	60	C4	4	746
42	42	503/4	503/4	0.25	11/16	11/16	6/8	2	1	1/16	1/16	1		-3	63	Eb4	4	736
43	43	126	126	1.5	0	0	6/8	4	1	3/8	1/4	3/2		-5	49	Db3	3	775
43	43	126	126	0.25	0	0	6/8	2	1	1/16	1/16	1		-5	61	Db4	4	762
43	43	126	126	0.25	0	0	6/8	1	1	1/16	1/16	1		-1	77	F5	5	753
43	43	505/4	505/4	0.25	1/16	1/16	6/8	3	1	1/16	1/16	1	1	-1	53	F3	3	771
43	43	505/4	505/4	0.25	1/16	1/16	6/8	1	1	1/16	1/16	1		-1	77	F5	5	754
43	43	253/2	253/2	1.0	1/8	1/8	6/8	3	1	1/4	1/4	1	-1	-1	53	F3	3	772
43	43	253/2	253/2	0.25	1/8	1/8	6/8	2	1	1/16	1/16	1		-4	56	Ab3	3	763
43	43	253/2	253/2	0.25	1/8	1/8	6/8	1	1	1/16	1/16	1		-3	75	Eb5	5	755
43	43	507/4	507/4	0.25	3/16	3/16	6/8	2	1	1/16	1/16	1		-5	61	Db4	4	764
43	43	1015/8	1015/8	0.125	7/32	7/32	6/8	1	1	1/32	1/32	1		-2	70	Bb4	4	756
43	43	127	127	0.25	1/4	1/4	6/8	2	1	1/16	1/16	1		4	64	E4	4	765
43	43	127	127	0.5	1/4	1/4	6/8	1	1	1/8	1/8	1		-4	68	Ab4	4	757
43	43	509/4	509/4	0.25	5/16	5/16	6/8	2	1	1/16	1/16	1		-1	65	F4	4	766
43	43	255/2	255/2	1.5	3/8	3/8	6/8	4	1	3/8	1/4	3/2		-3	51	Eb3	3	776
43	43	511/4	511/4	0.25	7/16	7/16	6/8	3	1	1/16	1/16	1	1	-6	54	Gb3	3	773
43	43	511/4	511/4	0.25	7/16	7/16	6/8	1	1	1/16	1/16	1		-5	73	Db5	5	758
43	43	128	128	1.0	1/2	1/2	6/8	3	1	1/4	1/4	1	-1	-6	54	Gb3	3	774
43	43	128	128	0.25	1/2	1/2	6/8	2	1	1/16	1/16	1		-4	56	Ab3	3	767
43	43	128	128	0.25	1/2	1/2	6/8	1	1	1/16	1/16	1		0	72	C5	5	759
43	43	513/4	513/4	0.25	9/16	9/16	6/8	2	1	1/16	1/16	1		0	60	C4	4	768
43	43	1027/8	1027/8	0.125	19/32	19/32	6/8	1	1	1/32	1/32	1		-2	82	Bb5	5	760
43	43	257/2	257/2	0.25	5/8	5/8	6/8	2	1	1/16	1/16	1		-1	65	F4	4	769
43	43	257/2	257/2	0.5	5/8	5/8	6/8	1	1	1/8	1/8	1		-4	80	Ab5	5	761
43	43	515/4	515/4	0.25	11/16	11/16	6/8	2	1	1/16	1/16	1		-6	66	Gb4	4	770
44	44	129	129	1.5	0	0	6/8	4	1	3/8	1/4	3/2		-5	49	Db3	3	797
44	44	517/4	517/4	0.25	1/16	1/16	6/8	3	1	1/16	1/16	1	1	-1	53	F3	3	793
44	44	517/4	517/4	0.25	1/16	1/16	6/8	1	1	1/16	1/16	1		-3	87	Eb6	6	777
44	44	259/2	259/2	1.0	1/8	1/8	6/8	3	1	1/4	1/4	1	-1	-1	53	F3	3	794
44	44	259/2	259/2	0.25	1/8	1/8	6/8	2	1	1/16	1/16	1		-4	56	Ab3	3	785
44	44	259/2	259/2	0.25	1/8	1/8	6/8	1	1	1/16	1/16	1		-5	85	Db6	6	778
44	44	519/4	519/4	0.25	3/16	3/16	6/8	2	1	1/16	1/16	1		-5	61	Db4	4	786
44	44	1039/8	1039/8	0.125	7/32	7/32	6/8	1	1	1/32	1/32	1		-2	82	Bb5	5	779
44	44	130	130	0.25	1/4	1/4	6/8	2	1	1/16	1/16	1		4	64	E4	4	787
44	44	130	130	0.5	1/4	1/4	6/8	1	1	1/8	1/8	1		-4	80	Ab5	5	780
44	44	521/4	521/4	0.25	5/16	5/16	6/8	2	1	1/16	1/16	1		-1	65	F4	4	788
44	44	261/2	261/2	1.5	3/8	3/8	6/8	4	1	3/8	1/4	3/2		0	48	C3	3	798
44	44	523/4	523/4	0.25	7/16	7/16	6/8	3	1	1/16	1/16	1	1	-6	54	Gb3	3	795
44	44	523/4	523/4	0.25	7/16	7/16	6/8	1	1	1/16	1/16	1		-1	77	F5	5	781
44	44	131	131	1.0	1/2	1/2	6/8	3	1	1/4	1/4	1	-1	-6	54	Gb3	3	796
44	44	131	131	0.25	1/2	1/2	6/8	2	1	1/16	1/16	1		-4	56	Ab3	3	789
44	44	131	131	0.25	1/2	1/2	6/8	1	1	1/16	1/16	1		-3	75	Eb5	5	782
44	44	525/4	525/4	0.25	9/16	9/16	6/8	2	1	1/16	1/16	1		-3	63	Eb4	4	790
44	44	1051/8	1051/8	0.125	19/32	19/32	6/8	1	1	1/32	1/32	1		-2	82	Bb5	5	783
44	44	263/2	263/2	0.25	5/8	5/8	6/8	2	1	1/16	1/16	1		-1	65	F4	4	791
44	44	263/2	263/2	0.5	5/8	5/8	6/8	1	1	1/8	1/8	1		-4	80	Ab5	5	784
44	44	527/4	527/4	0.25	11/16	11/16	6/8	2	1	1/16	1/16	1		-6	66	Gb4	4	792
45	45	132	132	1.5	0	0	6/8	4	1	3/8	1/4	3/2		-5	49	Db3	3	821
45	45	529/4	529/4	0.25	1/16	1/16	6/8	3	1	1/16	1/16	1	1	-1	53	F3	3	817
45	45	529/4	529/4	0.25	1/16	1/16	6/8	1	1	1/16	1/16	1		-3	75	Eb5	5	799
45	45	265/2	265/2	1.0	1/8	1/8	6/8	3	1	1/4	1/4	1	-1	-1	53	F3	3	818
45	45	265/2	265/2	0.25	1/8	1/8	6/8	2	1	1/16	1/16	1		-4	56	Ab3	3	809
45	45	265/2	265/2	0.25	1/8	1/8	6/8	1	1	1/16	1/16	1		-5	73	Db5	5	800
45	45	531/4	531/4	0.25	3/16	3/16	6/8	2	1	1/16	1/16	1		-5	61	Db4	4	810
45	45	531/4	531/4	0.125	3/16	3/16	6/8	1	1	1/32	1/32	1		-5	73	Db5	5	801
45	45	1063/8	1063/8	0.125	7/32	7/32	6/8	1	1	1/32	1/32	1		-2	70	Bb4	4	802
45	45	133	133	0.25	1/4	1/4	6/8	2	1	1/16	1/16	1		-1	65	F4	4	811
45	45	133	133	0.5	1/4	1/4	6/8	1	1	1/8	1/8	1		-4	68	Ab4	4	803
45	45	533/4	533/4	0.25	5/16	5/16	6/8	2	1	1/16	1/16	1		-1	65	F4	4	812
45	45	267/2	267/2	1.5	3/8	3/8	6/8	4	1	3/8	1/4	3/2		-3	51	Eb3	3	822
45	45	535/4	535/4	0.25	7/16	7/16	6/8	3	1	1/16	1/16	1	1	-6	54	Gb3	3	819
45	45	535/4	535/4	0.25	7/16	7/16	6/8	1	1	1/16	1/16	1		-5	73	Db5	5	804
45	45	134	134	1.0	1/2	1/2	6/8	3	1	1/4	1/4	1	-1	-6	54	Gb3	3	820
45	45	134	134	0.25	1/2	1/2	6/8	2	1	1/16	1/16	1		-4	56	Ab3	3	813
45	45	134	134	0.25	1/2	1/2	6/8	1	1	1/16	1/16	1		0	72	C5	5	805
45	45	537/4	537/4	0.25	9/16	9/16	6/8	2	1	1/16	1/16	1		0	60	C4	4	814
45	45	537/4	537/4	0.125	9/16	9/16	6/8	1	1	1/32	1/32	1		0	72	C5	5	806
45	45	1075/8	1075/8	0.125	19/32	19/32	6/8	1	1	1/32	1/32	1		-2	82	Bb5	5	807
45	45	269/2	269/2	0.25	5/8	5/8	6/8	2	1	1/16	1/16	1		-1	65	F4	4	815
45	45	269/2	269/2	0.5	5/8	5/8	6/8	1	1	1/8	1/8	1		-4	80	Ab5	5	808
45	45	539/4	539/4	0.25	11/16	11/16	6/8	2	1	1/16	1/16	1		-6	66	Gb4	4	816
46	46	135	135	1.5	0	0	6/8	4	1	3/8	1/4	3/2		-5	49	Db3	3	849
46	46	541/4	541/4	0.25	1/16	1/16	6/8	3	1	1/16	1/16	1	1	-1	53	F3	3	843
46	46	541/4	541/4	0.25	1/16	1/16	6/8	1	1	1/16	1/16	1		-3	87	Eb6	6	823
46	46	271/2	271/2	1.0	1/8	1/8	6/8	3	1	1/4	1/4	1	-1	-1	53	F3	3	844
46	46	271/2	271/2	0.25	1/8	1/8	6/8	2	1	1/16	1/16	1		-4	56	Ab3	3	835
46	46	271/2	271/2	0.25	1/8	1/8	6/8	1	1	1/16	1/16	1		-5	85	Db6	6	824
46	46	543/4	543/4	0.25	3/16	3/16	6/8	2	1	1/16	1/16	1		-5	61	Db4	4	836
46	46	543/4	543/4	0.125	3/16	3/16	6/8	1	1	1/32	1/32	1		-5	85	Db6	6	825
46	46	1087/8	1087/8	0.125	7/32	7/32	6/8	1	1	1/32	1/32	1		-2	82	Bb5	5	826
46	46	136	136	0.25	1/4	1/4	6/8	2	1	1/16	1/16	1		4	64	E4	4	837
46	46	136	136	0.5	1/4	1/4	6/8	1	1	1/8	1/8	1		-4	80	Ab5	5	827
46	46	545/4	545/4	0.25	5/16	5/16	6/8	2	1	1/16	1/16	1		-1	65	F4	4	838
46	46	273/2	273/2	1.0	3/8	3/8	6/8	4	1	1/4	1/4	1	1	0	48	C3	3	850
46	46	547/4	547/4	0.25	7/16	7/16	6/8	3	1	1/16	1/16	1	1	-3	51	Eb3	3	845
46	46	547/4	547/4	0.25	7/16	7/16	6/8	1	1	1/16	1/16	1		-1	77	F5	5	828
46	46	137	137	0.5	1/2	1/2	6/8	3	1	1/8	1/8	1	0	-3	51	Eb3	3	846
46	46	137	137	0.25	1/2	1/2	6/8	2	1	1/16	1/16	1		-4	56	Ab3	3	839
46	46	137	137	0.25	1/2	1/2	6/8	1	1	1/16	1/16	1		-3	75	Eb5	5	829
46	46	549/4	549/4	0.25	9/16	9/16	6/8	2	1	1/16	1/16	1		0	60	C4	4	840
46	46	549/4	549/4	0.125	9/16	9/16	6/8	1	1	1/32	1/32	1		-3	75	Eb5	5	830
46	46	1099/8	1099/8	0.125	19/32	19/32	6/8	1	1	1/32	1/32	1		-2	82	Bb5	5	831
46	46	275/2	275/2	0.25	5/8	5/8	6/8	4	1	1/16	1/16	1	-1	0	48	C3	3	851
46	46	275/2	275/2	0.25	5/8	5/8	6/8	3	1	1/16	1/16	1	-1	-3	51	Eb3	3	847
46	46	275/2	275/2	0.25	5/8	5/8	6/8	2	1	1/16	1/16	1		-3	63	Eb4	4	841
46	46	275/2	275/2	0.25	5/8	5/8	6/8	1	1	1/16	1/16	1		-4	80	Ab5	5	832
46	46	551/4	551/4	0.25	11/16	11/16	6/8	4	1	1/16	1/16	1		-2	46	Bb2	2	852
46	46	551/4	551/4	0.25	11/16	11/16	6/8	3	1	1/16	1/16	1		-5	49	Db3	3	848
46	46	551/4	551/4	0.25	11/16	11/16	6/8	2	1	1/16	1/16	1		-6	66	Gb4	4	842
46	46	551/4	551/4	0.125	11/16	11/16	6/8	1	1	1/32	1/32	1		-3	75	Eb5	5	833
46	46	1103/8	1103/8	0.125	23/32	23/32	6/8	1	1	1/32	1/32	1		-6	78	Gb5	5	834
47	47	138	138	0.25	0	0	6/8	4	1	1/16	1/16	1		3	45	A2	2	876
47	47	138	138	0.25	0	0	6/8	1	1	1/16	1/16	1		-1	77	F5	5	853
47	47	553/4	553/4	0.25	1/16	1/16	6/8	4	1	1/16	1/16	1	1	3	57	A3	3	877
47	47	553/4	553/4	0.25	1/16	1/16	6/8	3	1	1/16	1/16	1	1	0	60	C4	4	872
47	47	553/4	553/4	0.25	1/16	1/16	6/8	1	1	1/16	1/16	1		-5	85	Db6	6	854
47	47	277/2	277/2	1.0	1/8	1/8	6/8	4	1	1/4	1/4	1	-1	3	57	A3	3	878
47	47	277/2	277/2	1.0	1/8	1/8	6/8	3	1	1/4	1/4	1	-1	0	60	C4	4	873
47	47	277/2	277/2	0.25	1/8	1/8	6/8	2	1	1/16	1/16	1		-3	63	Eb4	4	864
47	47	277/2	277/2	0.25	1/8	1/8	6/8	1	1	1/16	1/16	1		0	84	C6	6	855
47	47	555/4	555/4	0.25	3/16	3/16	6/8	2	1	1/16	1/16	1		-1	65	F4	4	865
47	47	555/4	555/4	0.125	3/16	3/16	6/8	1	1	1/32	1/32	1		0	84	C6	6	856
47	47	1111/8	1111/8	0.125	7/32	7/32	6/8	1	1	1/32	1/32	1		-6	78	Gb5	5	857
47	47	139	139	0.25	1/4	1/4	6/8	2	1	1/16	1/16	1		3	69	A4	4	866
47	47	139	139	0.5	1/4	1/4	6/8	1	1	1/8	1/8	1		-1	77	F5	5	858
47	47	557/4	557/4	0.25	5/16	5/16	6/8	2	1	1/16	1/16	1		0	72	C5	5	867
47	47	279/2	279/2	0.25	3/8	3/8	6/8	4	1	1/16	1/16	1		-4	44	Ab2	2	879
47	47	559/4	559/4	0.25	7/16	7/16	6/8	4	1	1/16	1/16	1	1	-4	56	Ab3	3	880
47	47	559/4	559/4	0.25	7/16	7/16	6/8	3	1	1/16	1/16	1	1	-2	58	Bb3	3	874
47	47	559/4	559/4	0.25	7/16	7/16	6/8	1	1	1/16	1/16	1		-6	78	Gb5	5	859
47	47	140	140	1.0	1/2	1/2	6/8	4	1	1/4	1/4	1	-1	-4	56	Ab3	3	881
47	47	140	140	1.0	1/2	1/2	6/8	3	1	1/4	1/4	1	-1	-2	58	Bb3	3	875
47	47	140	140	0.25	1/2	1/2	6/8	2	1	1/16	1/16	1		2	62	D4	4	868
47	47	140	140	0.25	1/2	1/2	6/8	1	1	1/16	1/16	1		-1	77	F5	5	860
47	47	561/4	561/4	0.25	9/16	9/16	6/8	2	1	1/16	1/16	1		-1	65	F4	4	869
47	47	561/4	561/4	0.125	9/16	9/16	6/8	1	1	1/32	1/32	1		-1	77	F5	5	861
47	47	1123/8	1123/8	0.125	19/32	19/32	6/8	1	1	1/32	1/32	1		-7	83	Cb6	6	862
47	47	281/2	281/2	0.25	5/8	5/8	6/8	2	1	1/16	1/16	1		-4	68	Ab4	4	870
47	47	281/2	281/2	0.25	5/8	5/8	6/8	1	1	1/16	1/16	1		-2	82	Bb5	5	863
47	47	563/4	563/4	0.25	11/16	11/16	6/8	2	1	1/16	1/16	1		-2	70	Bb4	4	871
48	48	141	141	0.25	0	0	6/8	4	1	1/16	1/16	1		1	43	G2	2	904
48	48	565/4	565/4	0.25	1/16	1/16	6/8	4	1	1/16	1/16	1	1	1	55	G3	3	905
48	48	565/4	565/4	0.25	1/16	1/16	6/8	3	1	1/16	1/16	1	1	-2	58	Bb3	3	900
48	48	565/4	565/4	0.25	1/16	1/16	6/8	1	1	1/16	1/16	1		-7	83	Cb6	6	882
48	48	283/2	283/2	1.0	1/8	1/8	6/8	4	1	1/4	1/4	1	-1	1	55	G3	3	906
48	48	283/2	283/2	1.0	1/8	1/8	6/8	3	1	1/4	1/4	1	-1	-2	58	Bb3	3	901
48	48	283/2	283/2	0.25	1/8	1/8	6/8	2	1	1/16	1/16	1		-5	61	Db4	4	892
48	48	283/2	283/2	0.25	1/8	1/8	6/8	1	1	1/16	1/16	1		-2	82	Bb5	5	883
48	48	567/4	567/4	0.25	3/16	3/16	6/8	2	1	1/16	1/16	1		-3	63	Eb4	4	893
48	48	567/4	567/4	0.125	3/16	3/16	6/8	1	1	1/32	1/32	1		-2	82	Bb5	5	884
48	48	1135/8	1135/8	0.125	7/32	7/32	6/8	1	1	1/32	1/32	1		-8	76	Fb5	5	885
48	48	142	142	0.25	1/4	1/4	6/8	2	1	1/16	1/16	1		1	67	G4	4	894
48	48	142	142	0.5	1/4	1/4	6/8	1	1	1/8	1/8	1		-3	75	Eb5	5	886
48	48	569/4	569/4	0.25	5/16	5/16	6/8	2	1	1/16	1/16	1		-2	70	Bb4	4	895
48	48	285/2	285/2	0.25	3/8	3/8	6/8	4	1	1/16	1/16	1		-6	42	Gb2	2	907
48	48	571/4	571/4	0.25	7/16	7/16	6/8	4	1	1/16	1/16	1	1	-6	54	Gb3	3	908
48	48	571/4	571/4	0.25	7/16	7/16	6/8	3	1	1/16	1/16	1	1	-4	56	Ab3	3	902
48	48	571/4	571/4	0.25	7/16	7/16	6/8	1	1	1/16	1/16	1		-1	77	F5	5	887
48	48	143	143	1.0	1/2	1/2	6/8	4	1	1/4	1/4	1	-1	-6	54	Gb3	3	909
48	48	143	143	1.0	1/2	1/2	6/8	3	1	1/4	1/4	1	-1	-4	56	Ab3	3	903
48	48	143	143	0.25	1/2	1/2	6/8	2	1	1/16	1/16	1		0	60	C4	4	896
48	48	143	143	0.25	1/2	1/2	6/8	1	1	1/16	1/16	1		-3	75	Eb5	5	888
48	48	573/4	573/4	0.25	9/16	9/16	6/8	2	1	1/16	1/16	1		-3	63	Eb4	4	897
48	48	573/4	573/4	0.125	9/16	9/16	6/8	1	1	1/32	1/32	1		-3	75	Eb5	5	889
48	48	1147/8	1147/8	0.125	19/32	19/32	6/8	1	1	1/32	1/32	1		-2	82	Bb5	5	890
48	48	287/2	287/2	0.25	5/8	5/8	6/8	2	1	1/16	1/16	1		-6	66	Gb4	4	898
48	48	287/2	287/2	0.5	5/8	5/8	6/8	1	1	1/8	1/8	1		-4	80	Ab5	5	891
48	48	575/4	575/4	0.25	11/16	11/16	6/8	2	1	1/16	1/16	1		-4	68	Ab4	4	899
49	49	144	144	0.25	0	0	6/8	4	1	1/16	1/16	1		-6	42	Gb2	2	932
49	49	577/4	577/4	0.25	1/16	1/16	6/8	4	1	1/16	1/16	1	1	-6	54	Gb3	3	933
49	49	577/4	577/4	0.25	1/16	1/16	6/8	3	1	1/16	1/16	1	1	-4	56	Ab3	3	928
49	49	577/4	577/4	0.25	1/16	1/16	6/8	1	1	1/16	1/16	1		-2	82	Bb5	5	910
49	49	289/2	289/2	1.0	1/8	1/8	6/8	4	1	1/4	1/4	1	-1	-6	54	Gb3	3	934
49	49	289/2	289/2	1.0	1/8	1/8	6/8	3	1	1/4	1/4	1	-1	-4	56	Ab3	3	929
49	49	289/2	289/2	0.25	1/8	1/8	6/8	2	1	1/16	1/16	1		0	60	C4	4	920
49	49	289/2	289/2	0.25	1/8	1/8	6/8	1	1	1/16	1/16	1		-4	80	Ab5	5	911
49	49	579/4	579/4	0.25	3/16	3/16	6/8	2	1	1/16	1/16	1		-3	63	Eb4	4	921
49	49	579/4	579/4	0.125	3/16	3/16	6/8	1	1	1/32	1/32	1		-4	80	Ab5	5	912
49	49	1159/8	1159/8	0.125	7/32	7/32	6/8	1	1	1/32	1/32	1		-1	77	F5	5	913
49	49	145	145	0.25	1/4	1/4	6/8	2	1	1/16	1/16	1		-6	66	Gb4	4	922
49	49	145	145	0.5	1/4	1/4	6/8	1	1	1/8	1/8	1		-3	75	Eb5	5	914
49	49	581/4	581/4	0.25	5/16	5/16	6/8	2	1	1/16	1/16	1		-4	68	Ab4	4	923
49	49	291/2	291/2	0.25	3/8	3/8	6/8	4	1	1/16	1/16	1		-1	41	F2	2	935
49	49	583/4	583/4	0.25	7/16	7/16	6/8	4	1	1/16	1/16	1	1	-1	53	F3	3	936
49	49	583/4	583/4	0.25	7/16	7/16	6/8	3	1	1/16	1/16	1	1	-4	56	Ab3	3	930
49	49	583/4	583/4	0.25	7/16	7/16	6/8	1	1	1/16	1/16	1		-2	82	Bb5	5	915
49	49	146	146	1.0	1/2	1/2	6/8	4	1	1/4	1/4	1	-1	-1	53	F3	3	937
49	49	146	146	1.0	1/2	1/2	6/8	3	1	1/4	1/4	1	-1	-4	56	Ab3	3	931
49	49	146	146	0.25	1/2	1/2	6/8	2	1	1/16	1/16	1		-5	61	Db4	4	924
49	49	146	146	0.25	1/2	1/2	6/8	1	1	1/16	1/16	1		-4	80	Ab5	5	916
49	49	585/4	585/4	0.25	9/16	9/16	6/8	2	1	1/16	1/16	1		-1	65	F4	4	925
49	49	585/4	585/4	0.125	9/16	9/16	6/8	1	1	1/32	1/32	1		-4	80	Ab5	5	917
49	49	1171/8	1171/8	0.125	19/32	19/32	6/8	1	1	1/32	1/32	1		-3	87	Eb6	6	918
49	49	293/2	293/2	0.25	5/8	5/8	6/8	2	1	1/16	1/16	1		-4	68	Ab4	4	926
49	49	293/2	293/2	0.5	5/8	5/8	6/8	1	1	1/8	1/8	1		-5	85	Db6	6	919
49	49	587/4	587/4	0.25	11/16	11/16	6/8	2	1	1/16	1/16	1		-5	73	Db5	5	927
50	50	147	147	0.25	0	0	6/8	4	1	1/16	1/16	1		-4	44	Ab2	2	960
50	50	147	147	1.0	0	0	6/8	4	2	1/4	1/4	1		-4	44	Ab2	2	967
50	50	589/4	589/4	0.25	1/16	1/16	6/8	4	1	1/16	1/16	1	1	-1	53	F3	3	961
50	50	589/4	589/4	0.25	1/16	1/16	6/8	3	1	1/16	1/16	1	1	-4	56	Ab3	3	956
50	50	589/4	589/4	0.25	1/16	1/16	6/8	1	1	1/16	1/16	1		-2	82	Bb5	5	938
50	50	295/2	295/2	0.5	1/8	1/8	6/8	4	1	1/8	1/8	1	-1	-1	53	F3	3	962
50	50	295/2	295/2	1.0	1/8	1/8	6/8	3	1	1/4	1/4	1	-1	-4	56	Ab3	3	957
50	50	295/2	295/2	0.25	1/8	1/8	6/8	2	1	1/16	1/16	1		-5	61	Db4	4	948
50	50	295/2	295/2	0.25	1/8	1/8	6/8	1	1	1/16	1/16	1		-4	80	Ab5	5	939
50	50	591/4	591/4	0.25	3/16	3/16	6/8	2	1	1/16	1/16	1		-1	65	F4	4	949
50	50	591/4	591/4	0.125	3/16	3/16	6/8	1	1	1/32	1/32	1		-4	80	Ab5	5	940
50	50	1183/8	1183/8	0.125	7/32	7/32	6/8	1	1	1/32	1/32	1		-5	85	Db6	6	941
50	50	148	148	0.5	1/4	1/4	6/8	4	2	1/8	1/8	1		-4	44	Ab2	2	968
50	50	148	148	0.5	1/4	1/4	6/8	4	1	1/8	1/8	1		-6	54	Gb3	3	963
50	50	148	148	0.25	1/4	1/4	6/8	2	1	1/16	1/16	1		-3	63	Eb4	4	950
50	50	148	148	0.5	1/4	1/4	6/8	1	1	1/8	1/8	1		0	84	C6	6	942
50	50	593/4	593/4	0.25	5/16	5/16	6/8	2	1	1/16	1/16	1		-4	68	Ab4	4	951
50	50	297/2	297/2	0.25	3/8	3/8	6/8	4	1	1/16	1/16	1		-1	41	F2	2	964
50	50	595/4	595/4	0.25	7/16	7/16	6/8	4	1	1/16	1/16	1	1	-1	53	F3	3	965
50	50	595/4	595/4	0.25	7/16	7/16	6/8	3	1	1/16	1/16	1	1	-4	56	Ab3	3	958
50	50	595/4	595/4	0.25	7/16	7/16	6/8	1	1	1/16	1/16	1		-2	82	Bb5	5	943
50	50	149	149	1.0	1/2	1/2	6/8	4	1	1/4	1/4	1	-1	-1	53	F3	3	966
50	50	149	149	1.0	1/2	1/2	6/8	3	1	1/4	1/4	1	-1	-4	56	Ab3	3	959
50	50	149	149	0.25	1/2	1/2	6/8	2	1	1/16	1/16	1		-5	61	Db4	4	952
50	50	149	149	0.25	1/2	1/2	6/8	1	1	1/16	1/16	1		-4	80	Ab5	5	944
50	50	597/4	597/4	0.25	9/16	9/16	6/8	2	1	1/16	1/16	1		-1	65	F4	4	953
50	50	597/4	597/4	0.125	9/16	9/16	6/8	1	1	1/32	1/32	1		-4	80	Ab5	5	945
50	50	1195/8	1195/8	0.125	19/32	19/32	6/8	1	1	1/32	1/32	1		-3	87	Eb6	6	946
50	50	299/2	299/2	0.25	5/8	5/8	6/8	2	1	1/16	1/16	1		-4	68	Ab4	4	954
50	50	299/2	299/2	0.5	5/8	5/8	6/8	1	1	1/8	1/8	1		-5	85	Db6	6	947
50	50	599/4	599/4	0.25	11/16	11/16	6/8	2	1	1/16	1/16	1		-5	73	Db5	5	955
51	51	150	150	0.25	0	0	6/8	4	1	1/16	1/16	1		-1	41	F2	2	992
51	51	601/4	601/4	0.25	1/16	1/16	6/8	4	1	1/16	1/16	1	1	-1	53	F3	3	993
51	51	601/4	601/4	0.25	1/16	1/16	6/8	3	1	1/16	1/16	1	1	-4	56	Ab3	3	988
51	51	601/4	601/4	0.25	1/16	1/16	6/8	1	1	1/16	1/16	1		-2	82	Bb5	5	969
51	51	301/2	301/2	1.0	1/8	1/8	6/8	4	1	1/4	1/4	1	-1	-1	53	F3	3	994
51	51	301/2	301/2	1.0	1/8	1/8	6/8	3	1	1/4	1/4	1	-1	-4	56	Ab3	3	989
51	51	301/2	301/2	0.25	1/8	1/8	6/8	2	1	1/16	1/16	1		2	62	D4	4	980
51	51	301/2	301/2	0.25	1/8	1/8	6/8	1	1	1/16	1/16	1		-4	80	Ab5	5	970
51	51	603/4	603/4	0.25	3/16	3/16	6/8	2	1	1/16	1/16	1		-1	65	F4	4	981
51	51	603/4	603/4	0.125	3/16	3/16	6/8	1	1	1/32	1/32	1		-4	80	Ab5	5	971
51	51	1207/8	1207/8	0.125	7/32	7/32	6/8	1	1	1/32	1/32	1		-3	87	Eb6	6	972
51	51	151	151	0.25	1/4	1/4	6/8	2	1	1/16	1/16	1		-4	68	Ab4	4	982
51	51	151	151	0.5	1/4	1/4	6/8	1	1	1/8	1/8	1	1	2	86	D6	6	973
51	51	605/4	605/4	0.25	5/16	5/16	6/8	2	1	1/16	1/16	1		-7	71	Cb5	5	983
51	51	303/2	303/2	0.25	3/8	3/8	6/8	4	1	1/16	1/16	1		-6	42	Gb2	2	995
51	51	303/2	303/2	1.0	3/8	3/8	6/8	4	2	1/4	1/4	1	1	-6	42	Gb2	2	1000
51	51	303/2	303/2	0.25	3/8	3/8	6/8	1	1	1/16	1/16	1	-1	2	86	D6	6	974
51	51	607/4	607/4	0.25	7/16	7/16	6/8	4	1	1/16	1/16	1	1	-6	54	Gb3	3	996
51	51	607/4	607/4	0.25	7/16	7/16	6/8	3	1	1/16	1/16	1	1	-2	58	Bb3	3	990
51	51	607/4	607/4	0.25	7/16	7/16	6/8	1	1	1/16	1/16	1		-3	87	Eb6	6	975
51	51	152	152	0.5	1/2	1/2	6/8	4	1	1/8	1/8	1	0	-6	54	Gb3	3	997
51	51	152	152	1.0	1/2	1/2	6/8	3	1	1/4	1/4	1	-1	-2	58	Bb3	3	991
51	51	152	152	0.25	1/2	1/2	6/8	2	1	1/16	1/16	1		-3	63	Eb4	4	984
51	51	152	152	0.25	1/2	1/2	6/8	1	1	1/16	1/16	1		-1	89	F6	6	976
51	51	609/4	609/4	0.25	9/16	9/16	6/8	2	1	1/16	1/16	1		-6	66	Gb4	4	985
51	51	609/4	609/4	0.25	9/16	9/16	6/8	1	1	1/16	1/16	1		-6	90	Gb6	6	977
51	51	305/2	305/2	0.25	5/8	5/8	6/8	4	2	1/16	1/16	1	-1	-6	42	Gb2	2	1001
51	51	305/2	305/2	0.25	5/8	5/8	6/8	4	1	1/16	1/16	1	-1	-6	54	Gb3	3	998
51	51	305/2	305/2	0.25	5/8	5/8	6/8	2	1	1/16	1/16	1		-2	70	Bb4	4	986
51	51	305/2	305/2	0.25	5/8	5/8	6/8	1	1	1/16	1/16	1		-4	92	Ab6	6	978
51	51	611/4	611/4	0.25	11/16	11/16	6/8	4	2	1/16	1/16	1		1	43	G2	2	1002
51	51	611/4	611/4	0.25	11/16	11/16	6/8	4	1	1/16	1/16	1		1	55	G3	3	999
51	51	611/4	611/4	0.25	11/16	11/16	6/8	2	1	1/16	1/16	1		-2	70	Bb4	4	987
51	51	611/4	611/4	0.25	11/16	11/16	6/8	1	1	1/16	1/16	1		-2	94	Bb6	6	979
52	52	153	153	0.25	0	0	6/8	4	1	1/16	1/16	1		-4	44	Ab2	2	1027
52	52	153	153	1.0	0	0	6/8	4	2	1/4	1/4	1		-4	44	Ab2	2	1036
52	52	153	153	0.25	0	0	6/8	1	1	1/16	1/16	1		-2	94	Bb6	6	1003
52	52	613/4	613/4	0.25	1/16	1/16	6/8	4	1	1/16	1/16	1	1	-1	53	F3	3	1028
52	52	613/4	613/4	0.25	1/16	1/16	6/8	1	1	1/16	1/16	1		-2	58	Bb3	3	1004
52	52	613/4	613/4	0.25	1/16	1/16	6/8	3	1	1/16	1/16	1	1	-1	65	F4	4	1020
52	52	307/2	307/2	0.5	1/8	1/8	6/8	4	1	1/8	1/8	1	-1	-1	53	F3	3	1029
52	52	307/2	307/2	0.25	1/8	1/8	6/8	1	1	1/16	1/16	1		-4	56	Ab3	3	1005
52	52	307/2	307/2	0.25	1/8	1/8	6/8	3	1	1/16	1/16	1	-1	-1	65	F4	4	1021
52	52	307/2	307/2	0.25	1/8	1/8	6/8	2	1	1/16	1/16	1		-4	68	Ab4	4	1014
52	52	615/4	615/4	0.125	3/16	3/16	6/8	1	1	1/32	1/32	1		-4	56	Ab3	3	1006
52	52	615/4	615/4	0.25	3/16	3/16	6/8	3	1	1/16	1/16	1	1	-4	56	Ab3	3	1022
52	52	615/4	615/4	0.25	3/16	3/16	6/8	2	1	1/16	1/16	1		-5	73	Db5	5	1015
52	52	1231/8	1231/8	0.125	7/32	7/32	6/8	1	1	1/32	1/32	1		-5	61	Db4	4	1007
52	52	154	154	0.5	1/4	1/4	6/8	4	2	1/8	1/8	1		-4	44	Ab2	2	1037
52	52	154	154	0.5	1/4	1/4	6/8	4	1	1/8	1/8	1		-6	54	Gb3	3	1030
52	52	154	154	0.5	1/4	1/4	6/8	3	1	1/8	1/8	1	-1	-4	56	Ab3	3	1023
52	52	154	154	0.5	1/4	1/4	6/8	1	1	1/8	1/8	1		0	60	C4	4	1008
52	52	154	154	0.25	1/4	1/4	6/8	2	1	1/16	1/16	1		-1	77	F5	5	1016
52	52	617/4	617/4	0.25	5/16	5/16	6/8	2	1	1/16	1/16	1		-3	75	Eb5	5	1017
52	52	309/2	309/2	0.25	3/8	3/8	6/8	4	1	1/16	1/16	1		-5	37	Db2	2	1031
52	52	309/2	309/2	1.0	3/8	3/8	6/8	4	2	1/4	1/4	1		-5	37	Db2	2	1038
52	52	619/4	619/4	0.25	7/16	7/16	6/8	4	1	1/16	1/16	1	1	-5	49	Db3	3	1032
52	52	619/4	619/4	0.25	7/16	7/16	6/8	1	1	1/16	1/16	1		-3	63	Eb4	4	1009
52	52	619/4	619/4	0.75	7/16	7/16	6/8	3	1	3/16	1/8	3/2		-1	65	F4	4	1024
52	52	155	155	0.5	1/2	1/2	6/8	4	1	1/8	1/8	1	-1	-5	49	Db3	3	1033
52	52	155	155	0.25	1/2	1/2	6/8	1	1	1/16	1/16	1		-5	61	Db4	4	1010
52	52	155	155	0.25	1/2	1/2	6/8	2	1	1/16	1/16	1		-4	68	Ab4	4	1018
52	52	621/4	621/4	0.125	9/16	9/16	6/8	1	1	1/32	1/32	1		-5	61	Db4	4	1011
52	52	621/4	621/4	0.75	9/16	9/16	6/8	2	1	3/16	1/8	3/2		-5	73	Db5	5	1019
52	52	1243/8	1243/8	0.125	19/32	19/32	6/8	1	1	1/32	1/32	1		-3	63	Eb4	4	1012
52	52	311/2	311/2	0.25	5/8	5/8	6/8	4	1	1/16	1/16	1		-6	42	Gb2	2	1034
52	52	311/2	311/2	0.5	5/8	5/8	6/8	1	1	1/8	1/8	1		-5	61	Db4	4	1013
52	52	311/2	311/2	0.25	5/8	5/8	6/8	3	1	1/16	1/16	1		-2	70	Bb4	4	1025
52	52	623/4	623/4	0.25	11/16	11/16	6/8	4	1	1/16	1/16	1		-3	39	Eb2	2	1035
52	52	623/4	623/4	0.25	11/16	11/16	6/8	3	1	1/16	1/16	1		-6	66	Gb4	4	1026
53	53	156	156	0.25	0	0	6/8	4	1	1/16	1/16	1		-5	37	Db2	2	1059
53	53	156	156	1.0	0	0	6/8	4	2	1/4	1/4	1		-5	37	Db2	2	1069
53	53	625/4	625/4	0.25	1/16	1/16	6/8	4	1	1/16	1/16	1	1	-5	49	Db3	3	1060
53	53	625/4	625/4	0.75	1/16	1/16	6/8	3	1	3/16	1/8	3/2		-1	53	F3	3	1053
53	53	625/4	625/4	0.25	1/16	1/16	6/8	1	1	1/16	1/16	1		-3	75	Eb5	5	1039
53	53	313/2	313/2	0.5	1/8	1/8	6/8	4	1	1/8	1/8	1	-1	-5	49	Db3	3	1061
53	53	313/2	313/2	0.25	1/8	1/8	6/8	2	1	1/16	1/16	1		-4	56	Ab3	3	1049
53	53	313/2	313/2	0.25	1/8	1/8	6/8	1	1	1/16	1/16	1		-5	73	Db5	5	1040
53	53	627/4	627/4	0.75	3/16	3/16	6/8	2	1	3/16	1/8	3/2		-5	61	Db4	4	1050
53	53	627/4	627/4	0.125	3/16	3/16	6/8	1	1	1/32	1/32	1		-5	73	Db5	5	1041
53	53	1255/8	1255/8	0.125	7/32	7/32	6/8	1	1	1/32	1/32	1		-3	75	Eb5	5	1042
53	53	157	157	0.25	1/4	1/4	6/8	4	1	1/16	1/16	1		-6	42	Gb2	2	1062
53	53	157	157	0.25	1/4	1/4	6/8	3	1	1/16	1/16	1		-2	58	Bb3	3	1054
53	53	157	157	0.5	1/4	1/4	6/8	1	1	1/8	1/8	1		-5	73	Db5	5	1043
53	53	629/4	629/4	0.25	5/16	5/16	6/8	4	1	1/16	1/16	1		-3	39	Eb2	2	1063
53	53	629/4	629/4	0.25	5/16	5/16	6/8	3	1	1/16	1/16	1		-6	54	Gb3	3	1055
53	53	315/2	315/2	0.25	3/8	3/8	6/8	4	1	1/16	1/16	1		-5	37	Db2	2	1064
53	53	315/2	315/2	1.0	3/8	3/8	6/8	4	2	1/4	1/4	1		-5	37	Db2	2	1070
53	53	631/4	631/4	0.25	7/16	7/16	6/8	4	1	1/16	1/16	1	1	-5	49	Db3	3	1065
53	53	631/4	631/4	0.75	7/16	7/16	6/8	3	1	3/16	1/8	3/2		-1	53	F3	3	1056
53	53	631/4	631/4	0.25	7/16	7/16	6/8	1	1	1/16	1/16	1		-3	87	Eb6	6	1044
53	53	158	158	0.5	1/2	1/2	6/8	4	1	1/8	1/8	1	-1	-5	49	Db3	3	1066
53	53	158	158	0.25	1/2	1/2	6/8	2	1	1/16	1/16	1		-4	56	Ab3	3	1051
53	53	158	158	0.25	1/2	1/2	6/8	1	1	1/16	1/16	1		-5	85	Db6	6	1045
53	53	633/4	633/4	0.75	9/16	9/16	6/8	2	1	3/16	1/8	3/2		-5	61	Db4	4	1052
53	53	633/4	633/4	0.125	9/16	9/16	6/8	1	1	1/32	1/32	1		-5	85	Db6	6	1046
53	53	1267/8	1267/8	0.125	19/32	19/32	6/8	1	1	1/32	1/32	1		-3	87	Eb6	6	1047
53	53	317/2	317/2	0.25	5/8	5/8	6/8	4	1	1/16	1/16	1		-6	42	Gb2	2	1067
53	53	317/2	317/2	0.25	5/8	5/8	6/8	3	1	1/16	1/16	1		-2	58	Bb3	3	1057
53	53	317/2	317/2	0.5	5/8	5/8	6/8	1	1	1/8	1/8	1	1	-5	85	Db6	6	1048
53	53	635/4	635/4	0.25	11/16	11/16	6/8	4	1	1/16	1/16	1		-3	39	Eb2	2	1068
53	53	635/4	635/4	0.25	11/16	11/16	6/8	3	1	1/16	1/16	1		-6	54	Gb3	3	1058
54	54	159	159	0.25	0	0	6/8	4	1	1/16	1/16	1		-5	37	Db2	2	1089
54	54	159	159	1.0	0	0	6/8	4	2	1/4	1/4	1		-5	37	Db2	2	1093
54	54	159	159	0.75	0	0	6/8	1	1	3/16	1/8	3/2	-1	-5	85	Db6	6	1071
54	54	637/4	637/4	0.25	1/16	1/16	6/8	4	1	1/16	1/16	1	1	-5	49	Db3	3	1090
54	54	637/4	637/4	0.75	1/16	1/16	6/8	3	1	3/16	1/8	3/2	1	-1	53	F3	3	1086
54	54	319/2	319/2	1.0	1/8	1/8	6/8	4	1	1/4	1/4	1	0	-5	49	Db3	3	1091
54	54	319/2	319/2	0.25	1/8	1/8	6/8	2	1	1/16	1/16	1		-4	56	Ab3	3	1081
54	54	639/4	639/4	0.25	3/16	3/16	6/8	2	1	1/16	1/16	1		-5	61	Db4	4	1082
54	54	639/4	639/4	0.125	3/16	3/16	6/8	1	1	1/32	1/32	1		-5	85	Db6	6	1072
54	54	1279/8	1279/8	0.125	7/32	7/32	6/8	1	1	1/32	1/32	1		-3	87	Eb6	6	1073
54	54	160	160	0.5	1/4	1/4	6/8	3	1	1/8	1/8	1	0	-1	53	F3	3	1087
54	54	160	160	0.25	1/4	1/4	6/8	2	1	1/16	1/16	1		-1	65	F4	4	1083
54	54	160	160	0.25	1/4	1/4	6/8	1	1	1/16	1/16	1		-5	85	Db6	6	1074
54	54	641/4	641/4	0.25	5/16	5/16	6/8	2	1	1/16	1/16	1		-4	68	Ab4	4	1084
54	54	641/4	641/4	0.125	5/16	5/16	6/8	1	1	1/32	1/32	1		-4	80	Ab5	5	1075
54	54	1283/8	1283/8	0.125	11/32	11/32	6/8	1	1	1/32	1/32	1		-2	82	Bb5	5	1076
54	54	321/2	321/2	1.5	3/8	3/8	6/8	4	2	3/8	1/4	3/2		-5	37	Db2	2	1094
54	54	321/2	321/2	1.5	3/8	3/8	6/8	4	1	3/8	1/4	3/2	-1	-5	49	Db3	3	1092
54	54	321/2	321/2	1.5	3/8	3/8	6/8	3	1	3/8	1/4	3/2	-1	-1	53	F3	3	1088
54	54	321/2	321/2	1.5	3/8	3/8	6/8	2	1	3/8	1/4	3/2		-1	65	F4	4	1085
54	54	321/2	321/2	1.5	3/8	3/8	6/8	2	1	3/8	1/4	3/2		-5	73	Db5	5	1085
54	54	321/2	321/2	0.25	3/8	3/8	6/8	1	1	1/16	1/16	1		-4	80	Ab5	5	1077
54	54	643/4	643/4	0.125	7/16	7/16	6/8	1	1	1/32	1/32	1		-1	77	F5	5	1078
54	54	1287/8	1287/8	0.125	15/32	15/32	6/8	1	1	1/32	1/32	1		-6	78	Gb5	5	1079
54	54	161	161	1.0	1/2	1/2	6/8	1	1	1/4	1/4	1		-1	77	F5	5	1080
